Record Type;PO Number;PO Number2;PO Number1;Chg;Com;Type;Conf;Order Date;Buyer;Account Number;Supplier;Curr;Item;Commodity Code;Description;Qty;Un;Order Value;Amount Invoiced;;WBS Code;Contract;Remarks
ttOrder;3093/M00002;3093/M00002;3093/M00002;V001;Y;N;Y;04/08/2023;bstormon;BUNN04;Bunnings - QLD;AUD;1;MATS-001;Job Start Up Misc;1000;EA;1000;997.97;;N001070;3093;Order Complete
ttOrder;3093/M00002;3093/M00002;;;;;;;;;Bunnings - QLD;;2;MATS-001;LEVEL SPIRIT EMPIRE 1200MM DIGITAL;171.86;EA;171.86;171.86;;N001070;;
ttOrder;3093/M00003;3093/M00003;3093/M00003;V001;Y;N;Y;31/07/2023;bstormon;OFFI10;Officeworks Superstores P/L;AUD;1;MATS-001;Samsung Tablet;3;EA;1437.27;1437.27;;N002190;3093;Order Complete
ttOrder;3093/M00003;3093/M00003;;;;;;;;;Officeworks Superstores P/L;;2;MATS-001;Cases;3;EA;188.19;188.19;;N002190;;
ttOrder;3093/M00003;3093/M00003;;;;;;;;;Officeworks Superstores P/L;;3;MATS-001;Screen protectors;3;EA;106.35;106.35;;N002190;;
ttOrder;3093/M00003;3093/M00003;;;;;;;;;Officeworks Superstores P/L;;4;MATS-001;Tablet;36.36;EA;36.36;36.36;;N002190;;
ttOrder;3093/M00005;3093/M00005;3093/M00005;;Y;N;Y;04/08/2023;bstormon;REA001;Reali Supply;AUD;1;MATS-001;Argyle Zip Sided 150mm Derby Style Lace-Up Safety Boot;1;EA;192.6;192.6;;N003001;3093;Order Complete
ttOrder;3093/M00005;3093/M00005;;;;;;;;;Reali Supply;;2;MATS-001;Hi Vis Soft Shell Jacket with 3M Tape;1;EA;80.75;80.75;;N003001;;
ttOrder;3093/M00005;3093/M00005;;;;;;;;;Reali Supply;;3;MATS-001;Cotton Drill Taped Cargo Pants - Navy;3;EA;68.85;68.85;;N003001;;
ttOrder;3093/M00005;3093/M00005;;;;;;;;;Reali Supply;;4;MATS-001;Men's Lightweight Taped Two Tone Long Sleeve Shirt - Yellow/Navy;5;EA;168.65;168.65;;N003001;;
ttOrder;3093/M00005;3093/M00005;;;;;;;;;Reali Supply;;5;MATS-001;Vented Hard Hat Type 1 with Georgiou Pad Print;1;EA;13.82;13.8;;N003001;;
ttOrder;3093/M00006;3093/M00006;3093/M00006;V001;Y;N;Y;21/08/2023;bstormon;EUR003;Europcar WA;AUD;1;OTH01;Other Charges (Hire Desk Use Only);0;NO;0;0;;N002110;3093;Order Complete
ttOrder;3093/M00006;3093/M00006;;;;;;;;;Europcar WA;;2;MATS-001;Car hire;645.26;EA;645.26;0;;N002110;;
ttOrder;3093/M00007;3093/M00007;3093/M00007;;Y;N;Y;10/08/2023;bstormon;REA001;Reali Supply;AUD;1;MATS-001;Argyle Zip Sided 150mm Derby Style Lace-Up Safety Boot;1;EA;192.6;192.6;;N003001;3093;Order Complete
ttOrder;3093/M00007;3093/M00007;;;;;;;;;Reali Supply;;2;MATS-001;Vented Hard Hat Type 1 with Georgiou Pad Print;1;EA;13.82;13.82;;N003001;;
ttOrder;3093/M00007;3093/M00007;;;;;;;;;Reali Supply;;3;MATS-001;Cotton Drill Taped Cargo Pants - Nav;2;EA;45.9;45.9;;N003001;;
ttOrder;3093/M00007;3093/M00007;;;;;;;;;Reali Supply;;4;MATS-001;Men's Lightweight Taped Two Tone Long Sleeve Shirt - Yellow/Navy;5;EA;168.65;168.63;;N003001;;
ttOrder;3093/M00007;3093/M00007;;;;;;;;;Reali Supply;;5;MATS-001;Hi Vis Soft Shell Jacket with 3M Tape;1;EA;80.75;80.75;;N003001;;
ttOrder;3093/M00008;3093/M00008;3093/M00008;;Y;N;N;10/08/2023;bstormon;TELC01;Telco Antennas Pty Ltd;AUD;1;MATS-001;Telstra and Optus survey for 4-20 Lorrimer;1;EA;180;160;;N002191;3093;Order Complete
ttOrder;3093/M00009;3093/M00009;3093/M00009;V001;Y;N;Y;24/08/2023;bstormon;JOBF01;Jobfit Health Group Pty Ltd;AUD;1;MATS-001;Jacob Moss - Medical Full;1;EA;629;629;;N001021;3093;Order Complete
ttOrder;3093/M00009;3093/M00009;;;;;;;;;Jobfit Health Group Pty Ltd;;2;MATS-001;Medical;38;EA;38;38;;N001021;;
ttOrder;3093/M00010;3093/M00010;3093/M00010;V002;Y;N;Y;18/08/2023;bstormon;SUC001;Success Realty (QLD);AUD;1;MATS-001;Rent and Bond 44A Gordon;1;EA;4000;3636.36;;N001021;3093;Order Complete
ttOrder;3093/M00010;3093/M00010;;;;;;;;;Success Realty (QLD);;2;MATS-001;Rent and Bond 2/4 Waverley;1;EA;3600;3272.73;;N001021;;
ttOrder;3093/M00010;3093/M00010;;;;;;;;;Success Realty (QLD);;3;MATS-001;Rent and Bond 5/77 Anzac;1;EA;4320;3927.28;;N001021;;
ttOrder;3093/M00010;3093/M00010;;;;;;;;;Success Realty (QLD);;4;MATS-001;Rent and Bond 1/15 Wapiti;1;EA;3090.91;3090.91;;N001021;;
ttOrder;3093/M00010;3093/M00010;;;;;;;;;Success Realty (QLD);;5;MATS-001;Rent and Bond 1/9 Sunning;1;EA;3163.63;3163.63;;N001021;;
ttOrder;3093/M00010;3093/M00010;;;;;;;;;Success Realty (QLD);;6;MATS-001;Rent and Bond 1/46 McGee;1;EA;4000;4000;;N001021;;
ttOrder;3093/M00011;3093/M00011;3093/M00011;;Y;N;Y;15/08/2023;bstormon;ORAC02;Oracle Corporation Aust P/L;AUD;1;MATS-001;Sept-Nov;1;EA;29037.17;29037.16;;N002190;3093;
ttOrder;3093/M00011;3093/M00011;;;;;;;;;Oracle Corporation Aust P/L;;2;MATS-001;Dec-Feb;1;EA;29037.17;0;;N002190;;
ttOrder;3093/M00011;3093/M00011;;;;;;;;;Oracle Corporation Aust P/L;;3;MATS-001;Mar-May;1;EA;29037.17;0;;N002190;;
ttOrder;3093/M00011;3093/M00011;;;;;;;;;Oracle Corporation Aust P/L;;4;MATS-001;June-Aug;1;EA;29037.17;0;;N002190;;
ttOrder;3093/M00011;3093/M00011;;;;;;;;;Oracle Corporation Aust P/L;;5;MATS-001;Sept-Oct;1;EA;19358.11;0;;N002190;;
ttOrder;3093/M00012;3093/M00012;3093/M00012;V001;Y;N;Y;23/08/2023;bstormon;JOBF01;Jobfit Health Group Pty Ltd;AUD;1;MATS-001;Shane Robinson - Full Medical;1;EA;629;629;;N001021;3093;Order Complete
ttOrder;3093/M00012;3093/M00012;;;;;;;;;Jobfit Health Group Pty Ltd;;2;MATS-001;Medical;38;EA;38;38;;N001021;;
ttOrder;3093/M00013;3093/M00013;3093/M00013;V001;Y;N;Y;24/08/2023;bstormon;JOBF01;Jobfit Health Group Pty Ltd;AUD;1;MATS-001;Jobfit Basic Medical - Michael Swadling;1;EA;233;233;;N003001;3093;Order Complete
ttOrder;3093/M00013;3093/M00013;;;;;;;;;Jobfit Health Group Pty Ltd;;2;MATS-001;Medical;10;EA;10;10;;N003001;;
ttOrder;3093/M00014;3093/M00014;3093/M00014;V003;Y;N;Y;10/10/2023;bstormon;MAST09;Master Hire;AUD;1;MATS-001;Contract 142933-01 - Enclosed Furniture;1;EA;413.22;413.22;;N031001;3093;Order Complete
ttOrder;3093/M00014;3093/M00014;;;;;;;;;Master Hire;;2;MATS-001;ENCLOSED FURNITURE TRAILER - TANDEM;1;EA;767.41;767.41;;N031001;;
ttOrder;3093/M00014;3093/M00014;;;;;;;;;Master Hire;;3;MATS-001;ENCLOSED FURNITURE TRAILER - TANDEM;4;EA;545.44;531.28;;N031001;;
ttOrder;3093/M00015;3093/M00015;3093/M00015;V001;Y;N;Y;20/09/2023;cmacdonald;HJDI01;Jaybro Group Pty Ltd (formerl;AUD;1;MATS-001;Prefilled Silt Sausage 200x1300mm of 120 @;120;EA;4678.8;4678.8;;N002110;3093;Order Complete
ttOrder;3093/M00015;3093/M00015;;;;;;;;;Jaybro Group Pty Ltd (formerl;;2;MATS-001;Stake Hardwood 50x25x1200mm Painted;144;EA;936;936;;N002110;;
ttOrder;3093/M00015;3093/M00015;;;;;;;;;Jaybro Group Pty Ltd (formerl;;3;MATS-001;FREIGHT-REGIONAL;1;EA;135;135;;N002110;;
ttOrder;3093/M00015;3093/M00015;;;;;;;;;Jaybro Group Pty Ltd (formerl;;4;MATS-001;REIGHT-REGIONAL;1;EA;345;345;;N001903;;
ttOrder;3093/M00016;3093/M00016;3093/M00016;V001;Y;N;Y;04/09/2023;bstormon;TRAD10;Tradeline Site Solutions;AUD;1;MATS-001;SIGNMM6060] Multi Message Sign 600 x 600mm;24;EA;912;912;;N002110;3093;Order Complete
ttOrder;3093/M00016;3093/M00016;;;;;;;;;Tradeline Site Solutions;;2;MATS-001;[SIGNMM6060] Multi Message Sign 600 x 600mm;24;EA;1512;1512;;N002110;;
ttOrder;3093/M00016;3093/M00016;;;;;;;;;Tradeline Site Solutions;;3;MATS-001;[SIGNMM1230] Multi Message Sign 1200 x 300mm;24;EA;912;912;;N002110;;
ttOrder;3093/M00016;3093/M00016;;;;;;;;;Tradeline Site Solutions;;4;MATS-001;[SIGNCUST] Custom Design Sign - Magnetic;24;EA;450;450;;N002110;;
ttOrder;3093/M00016;3093/M00016;;;;;;;;;Tradeline Site Solutions;;5;MATS-001;SIGNMMF] Multi Message Sign Frame - Black;35;EA;1461.25;1461.25;;N002110;;
ttOrder;3093/M00016;3093/M00016;;;;;;;;;Tradeline Site Solutions;;6;MATS-001;[SIGNBPOD] Safety Sign Bi Pod Multi Message;70;EA;1204;760;;N002110;;
ttOrder;3093/M00016;3093/M00016;;;;;;;;;Tradeline Site Solutions;;7;MATS-001;Delivery - MET;1;EA;17.2;17.2;;N002110;;
ttOrder;3093/M00016;3093/M00016;;;;;;;;;Tradeline Site Solutions;;8;MATS-001;Safety Sign Bi Pod Multi Message Leg Only;30;EA;570;570;;N002110;;
ttOrder;3093/M00017;3093/M00017;3093/M00017;;Y;N;Y;16/08/2023;jmtaylor;BUNN04;Bunnings - QLD;AUD;1;MATS-001;8195/01533508 Tool Box checkerplate;1;EA;301.41;301.41;;N002110;3093;Order Complete
ttOrder;3093/M00017;3093/M00017;;;;;;;;;Bunnings - QLD;;2;MATS-001;Flagging  Tape Measures  Sledge Hammer ;1;EA;367.24;367.24;;N002110;;
ttOrder;3093/M00018;3093/M00018;3093/M00018;;Y;N;Y;16/08/2023;bstormon;TRAD10;Tradeline Site Solutions;AUD;1;MATS-001;[T-TOPTOP] T-top Bollard Top Only;100;EA;1090;1090;;N002110;3093;Order Complete
ttOrder;3093/M00018;3093/M00018;;;;;;;;;Tradeline Site Solutions;;2;MATS-001;[T-TOPBASE8] T-top Bollard 8KG Base only;100;EA;1391;1391;;N002110;;
ttOrder;3093/M00018;3093/M00018;;;;;;;;;Tradeline Site Solutions;;3;MATS-001;[SMP350FPK] DYMARK Spray and Mark Layout Paint; Fluro Pink 350gram (ea/12box);72;EA;478.09;478.09;;N002110;;
ttOrder;3093/M00018;3093/M00018;;;;;;;;;Tradeline Site Solutions;;4;DEL01;Delivery - Regional;1;NO;32.9;32.9;;N002110;;
ttOrder;3093/M00019;3093/M00019;3093/M00019;;Y;N;Y;17/08/2023;bstormon;OFFI10;Officeworks Superstores P/L;AUD;1;MATS-001;Tablets;15;EA;20413.65;20413.63;;N002190;3093;Order Complete
ttOrder;3093/M00019;3093/M00019;;;;;;;;;Officeworks Superstores P/L;;2;MATS-001;Tablet covers;15;EA;1500;1500;;N002190;;
ttOrder;3093/M00020;3093/M00020;3093/M00020;V001;Y;N;Y;28/08/2023;bstormon;HEAN01;Heaneys Performers in Print;AUD;1;MATS-001;TASK HAZARD REVIEW CARD;728;EA;728;728;;N003001;3093;Order Complete
ttOrder;3093/M00020;3093/M00020;;;;;;;;;Heaneys Performers in Print;;2;MATS-001;Plant stickers;625;EA;625;625;;N003001;;
ttOrder;3093/M00021;3093/M00021;3093/M00021;;Y;N;N;17/08/2023;bstormon;STEL01;Stellar Systems Pty Ltd;AUD;1;MATS-001;Wall Mount Enc 6RU 600W 600D 370H;1;EA;236.12;236.12;;N002190;3093;Order Complete
ttOrder;3093/M00021;3093/M00021;;;;;;;;;Stellar Systems Pty Ltd;;2;MATS-001;Ubiquiti UniFi AC Pro V2 Indoor &;2;EA;456.48;456.48;;N002190;;
ttOrder;3093/M00021;3093/M00021;;;;;;;;;Stellar Systems Pty Ltd;;3;MATS-001;Ubiquiti UniFi Switch Lite 8 PoE  4x PoE;1;EA;221.18;221.18;;N002190;;
ttOrder;3093/M00021;3093/M00021;;;;;;;;;Stellar Systems Pty Ltd;;4;MATS-001;Eaton 5P650iR 5P 650VA / 420W Line;1;EA;626.4;626.4;;N002190;;
ttOrder;3093/M00021;3093/M00021;;;;;;;;;Stellar Systems Pty Ltd;;5;MATS-001;Freight Standard;1;EA;85;85;;N002190;;
ttOrder;3093/M00022;3093/M00022;3093/M00022;;Y;N;Y;18/08/2023;bstormon;REA001;Reali Supply;AUD;1;MATS-001;6x shirts;330.27;EA;330.27;330.27;;N003001;3093;Order Complete
ttOrder;3093/M00023;3093/M00023;3093/M00023;;Y;N;Y;18/08/2023;bstormon;RSEA01;RSEA - Road Safety Equipment;AUD;1;MATS-001;Misc. Safety PPE for start up.;1;EA;200;189.71;;N003001;3093;Order Complete
ttOrder;3093/M00024;3093/M00024;3093/M00024;V001;Y;N;Y;03/10/2023;bstormon;BUNN04;Bunnings - QLD;AUD;1;MATS-001;General use for site;20000;EA;20000;11315.49;;N002101;3093;
ttOrder;3093/M00025;3093/M00025;3093/M00025;;Y;N;Y;21/08/2023;bstormon;REA001;Reali Supply;AUD;1;MATS-001;Argyle Zip Sided 150mm Derby Style Lace-Up Safety Boot;2;EA;385.2;385.2;;N003001;3093;Order Complete
ttOrder;3093/M00025;3093/M00025;;;;;;;;;Reali Supply;;2;MATS-001;Men's Lightweight Taped Two Tone Long Sleeve Shirt - Yellow/Navy;10;EA;337.3;337.3;;N003001;;
ttOrder;3093/M00025;3093/M00025;;;;;;;;;Reali Supply;;3;MATS-001;Cotton Drill Taped Cargo Pants - Navy;10;EA;229.5;229.5;;N003001;;
ttOrder;3093/M00025;3093/M00025;;;;;;;;;Reali Supply;;4;MATS-001;4 in 1 Hi Vis 2 Tone Breathable Taped Jacket with Vest;1;EA;108.14;108.14;;N003001;;
ttOrder;3093/M00025;3093/M00025;;;;;;;;;Reali Supply;;5;MATS-001;Hi Vis Soft Shell Jacket with 3M Tape;1;EA;80.75;80.75;;N003001;;
ttOrder;3093/M00025;3093/M00025;;;;;;;;;Reali Supply;;6;MATS-001;Vented Hard Hat Type 1 with Georgiou Pad Print;2;EA;27.64;27.61;;N003001;;
ttOrder;3093/M00027;3093/M00027;3093/M00027;;Y;N;Y;21/08/2023;bstormon;TRAD10;Tradeline Site Solutions;AUD;1;MATS-001;[SIGNSTICK] Custom Sticker 50mm - Georgiou 3093 Toowoomba Flood Recover;50;EA;90;0;;N003001;3093;
ttOrder;3093/M00027;3093/M00027;;;;;;;;;Tradeline Site Solutions;;2;MATS-001;[SIGNSTICK] Custom Sticker 200 x 100mm - Georgiou 3093 Toowoomba Flood Recover;100;EA;450;0;;N003001;;
ttOrder;3093/M00027;3093/M00027;;;;;;;;;Tradeline Site Solutions;;3;MATS-001;[SIGNCUST] Custom Design Sign 1500 x 400mm Alupanel Non-reflective -Georgiou Logo;8;EA;736;0;;N003001;;
ttOrder;3093/M00027;3093/M00027;;;;;;;;;Tradeline Site Solutions;;4;MATS-001;[SIGN953] Safety Sign 600 x 450mm Alupanel Non-reflective - Site Office;8;EA;304;0;;N003001;;
ttOrder;3093/M00027;3093/M00027;;;;;;;;;Tradeline Site Solutions;;5;MATS-001;[SIGN218] Safety Sign 600 x 450mm - DANGER Keep Out Authorised Personnel Only - Alupanel Non-reflective;8;EA;304;0;;N003001;;
ttOrder;3093/M00027;3093/M00027;;;;;;;;;Tradeline Site Solutions;;6;MATS-001;[SIGNSEC] Safety Sign 600 x 450mm - Security Notice Surveillance Cameras In Use - Alupanel Non-reflective;8;EA;304;0;;N003001;;
ttOrder;3093/M00027;3093/M00027;;;;;;;;;Tradeline Site Solutions;;7;MATS-001;[TC1170] Multi Message Sign 600 x 600mm Class 1 Aluminium - End Road Work;20;EA;900;0;;N003001;;
ttOrder;3093/M00027;3093/M00027;;;;;;;;;Tradeline Site Solutions;;8;MATS-001;[TC1169] Multi Message Sign 600 x 600mm Class 1 Aluminium - Road Work Ahead;20;EA;900;0;;N003001;;
ttOrder;3093/M00027;3093/M00027;;;;;;;;;Tradeline Site Solutions;;9;MATS-001;[SIGNMM6060] Multi Message Sign 600 x 600mm Class 1 Aluminium - 40km Speed Limit;20;EA;900;0;;N003001;;
ttOrder;3093/M00027;3093/M00027;;;;;;;;;Tradeline Site Solutions;;10;MATS-001;[SIGNMM6060] Multi Message Sign 600 x 600mm Class 1 Aluminium - 60km Speed Limit;20;EA;900;0;;N003001;;
ttOrder;3093/M00027;3093/M00027;;;;;;;;;Tradeline Site Solutions;;11;MATS-001;[SIGNMM6060] Multi Message Sign 600 x 600mm Class 1 Aluminium - 80km Speed Limit;20;EA;900;0;;N003001;;
ttOrder;3093/M00027;3093/M00027;;;;;;;;;Tradeline Site Solutions;;12;MATS-001;[SIGNMM6060] Multi Message Sign 600 x 600mm Class 1 Aluminium - 100km Speed Limit;20;EA;900;0;;N003001;;
ttOrder;3093/M00027;3093/M00027;;;;;;;;;Tradeline Site Solutions;;13;MATS-001;[TC1220] Multi Message Sign 1200 x 300mm Class 1 Aluminium - Reduce Speed;30;EA;1350;0;;N003001;;
ttOrder;3093/M00027;3093/M00027;;;;;;;;;Tradeline Site Solutions;;14;MATS-001;[TC1177] Multi Message Sign 1200 x 300mm Class 1 Aluminium - Drive Safely;20;EA;900;0;;N003001;;
ttOrder;3093/M00027;3093/M00027;;;;;;;;;Tradeline Site Solutions;;15;MATS-001;[TC1173] Multi Message Sign 600 x 600mm Class 1 Aluminium - Prepare To Stop;20;EA;900;0;;N003001;;
ttOrder;3093/M00027;3093/M00027;;;;;;;;;Tradeline Site Solutions;;16;MATS-001;[TC332] Multi Message Sign 600 x 600mm Class 1 Aluminium - Man Digging Symbol;30;EA;1530;0;;N003001;;
ttOrder;3093/M00027;3093/M00027;;;;;;;;;Tradeline Site Solutions;;17;MATS-001;[TC1216] Multi Message Sign 600 x 600mm Class 1 Aluminium - Traffic Lights Ahead Symbol;20;EA;900;0;;N003001;;
ttOrder;3093/M00027;3093/M00027;;;;;;;;;Tradeline Site Solutions;;18;MATS-001;[TC1174] Multi Message Sign 1200 x 300mm Class 1 Aluminium - Do Not Overtake;20;EA;900;0;;N003001;;
ttOrder;3093/M00027;3093/M00027;;;;;;;;;Tradeline Site Solutions;;19;MATS-001;[SNBXRF9X6] Boxed Edge Refl Cl1W - 900 x 600 - Gas Pipeline  No Vibration;4;EA;300;0;;N003001;;
ttOrder;3093/M00027;3093/M00027;;;;;;;;;Tradeline Site Solutions;;20;MATS-001;[SIGNBPOD] Safety Sign Bi Pod Multi Message Leg Only (1);8;EA;168.53;0;;N003001;;
ttOrder;3093/M00027;3093/M00027;;;;;;;;;Tradeline Site Solutions;;21;MATS-001;[STICKFIRE] Hard Hat Stickers - (12 on sheet) - Fire Warden;1;EA;23.29;0;;N003001;;
ttOrder;3093/M00027;3093/M00027;;;;;;;;;Tradeline Site Solutions;;22;MATS-001;[STICK500] Hard Hat Stickers - (12 on sheet) - First Aid;1;EA;23.29;0;;N003001;;
ttOrder;3093/M00027;3093/M00027;;;;;;;;;Tradeline Site Solutions;;23;DEL01;Delivery - Regional;1;NO;32.9;0;;N003001;;
ttOrder;3093/M00028;3093/M00028;3093/M00028;;Y;N;Y;21/08/2023;bstormon;TRAD10;Tradeline Site Solutions;AUD;1;MATS-001;[SIGNSTICK] Custom Sticker 50mm - Georgiou 3093 Toowoomba Flood Recover;50;EA;90;90;;N008100;3093;Order Complete
ttOrder;3093/M00028;3093/M00028;;;;;;;;;Tradeline Site Solutions;;2;MATS-001;[SIGNSTICK] Custom Sticker 200 x 100mm - Georgiou 3093 Toowoomba Flood Recover;100;EA;450;450;;N008100;;
ttOrder;3093/M00028;3093/M00028;;;;;;;;;Tradeline Site Solutions;;3;MATS-001;[SIGNCUST] Custom Design Sign 1500 x 400mm Alupanel Non-reflective -Georgiou Logo;8;EA;736;736;;N008100;;
ttOrder;3093/M00028;3093/M00028;;;;;;;;;Tradeline Site Solutions;;4;MATS-001;[SIGN953] Safety Sign 600 x 450mm Alupanel Non-reflective - Site Office;8;EA;304;304;;N008100;;
ttOrder;3093/M00028;3093/M00028;;;;;;;;;Tradeline Site Solutions;;5;MATS-001;[SIGN218] Safety Sign 600 x 450mm - DANGER Keep Out Authorised Personnel Only - Alupanel Non-reflective;8;EA;304;304;;N008100;;
ttOrder;3093/M00028;3093/M00028;;;;;;;;;Tradeline Site Solutions;;6;MATS-001;[SIGNSEC] Safety Sign 600 x 450mm - Security Notice Surveillance Cameras In Use - Alupanel Non-reflective;8;EA;304;304;;N008100;;
ttOrder;3093/M00028;3093/M00028;;;;;;;;;Tradeline Site Solutions;;7;MATS-001;[SNBXRF9X6] Boxed Edge Refl Cl1W - 900 x 600 - Gas Pipeline  No Vibration;4;EA;300;300;;N008100;;
ttOrder;3093/M00028;3093/M00028;;;;;;;;;Tradeline Site Solutions;;8;MATS-001;[SIGNBPOD] Safety Sign Bi Pod Multi Message Leg Only (1);8;EA;168.53;168.53;;N008100;;
ttOrder;3093/M00028;3093/M00028;;;;;;;;;Tradeline Site Solutions;;9;MATS-001;[STICKFIRE] Hard Hat Stickers - (12 on sheet) - Fire Warden;1;EA;23.29;23.29;;N008100;;
ttOrder;3093/M00028;3093/M00028;;;;;;;;;Tradeline Site Solutions;;10;MATS-001;[STICK500] Hard Hat Stickers - (12 on sheet) - First Aid;1;EA;23.29;23.29;;N008100;;
ttOrder;3093/M00028;3093/M00028;;;;;;;;;Tradeline Site Solutions;;11;MATS-001;Delivery - Regional;1;EA;32.9;32.9;;N008100;;
ttOrder;3093/M00029;3093/M00029;3093/M00029;;Y;N;N;22/08/2023;bstormon;ADOB01;Adobe Systems Software Irelan;AUD;1;MATS-001;ACROBAT PRO SUBSCRPT ALL MLP License;9;EA;271.98;271.98;;N002190;3093;Order Complete
ttOrder;3093/M00031;3093/M00031;3093/M00031;;Y;N;Y;23/08/2023;bstormon;TRAD10;Tradeline Site Solutions;AUD;1;MATS-001;[YELMANUP] 1200 x 1800mm Coreflute Yellow Man Cut Out - Pointing Up;20;EA;1085.78;1085.78;;N008100;3093;Order Complete
ttOrder;3093/M00031;3093/M00031;;;;;;;;;Tradeline Site Solutions;;2;MATS-001;SIGNSTICK] Custom Sticker A4 (to suit yellow men) - DANGER Overhead Powerlines ___m;20;EA;56.2;56.2;;N008100;;
ttOrder;3093/M00031;3093/M00031;;;;;;;;;Tradeline Site Solutions;;3;MATS-001;[FSTAIDCS30] Snake and Spider Bite First Aid Kit - Soft Pack;10;EA;327.94;327.94;;N008100;;
ttOrder;3093/M00031;3093/M00031;;;;;;;;;Tradeline Site Solutions;;4;MATS-001;[FSTAID220] First Aid Kit 1-25 Person - Plastic Portable Case;10;EA;1092.42;1092.42;;N008100;;
ttOrder;3093/M00031;3093/M00031;;;;;;;;;Tradeline Site Solutions;;5;MATS-001;GLVCLIP] Glove Guard Clip;100;EA;331.48;331.48;;N008100;;
ttOrder;3093/M00031;3093/M00031;;;;;;;;;Tradeline Site Solutions;;6;MATS-001;GLVPAN-09] Ripper Gripper Gloves Lightweight - Size 9 - Large (ea/12pack);108;EA;240.59;240.59;;N008100;;
ttOrder;3093/M00031;3093/M00031;;;;;;;;;Tradeline Site Solutions;;7;MATS-001;[SPECSCL] Safety Specs - Clear (ea/12Box);108;EA;219.77;219.77;;N008100;;
ttOrder;3093/M00031;3093/M00031;;;;;;;;;Tradeline Site Solutions;;8;MATS-001;SPECSBL] Safety Specs - Smoked (ea/12Box);108;EA;219.77;219.77;;N008100;;
ttOrder;3093/M00031;3093/M00031;;;;;;;;;Tradeline Site Solutions;;9;MATS-001;[DUSTP2V] P2 Dust Masks w/- Valve (Box of 10);10;EA;375.36;375.36;;N008100;;
ttOrder;3093/M00031;3093/M00031;;;;;;;;;Tradeline Site Solutions;;10;MATS-001;PLASTICBRIM-O] Hard Hat Plastic Snap Brim w/- neck flap ORANGE;20;EA;415.12;415.12;;N008100;;
ttOrder;3093/M00031;3093/M00031;;;;;;;;;Tradeline Site Solutions;;11;MATS-001;SUNSCR1LT] Sunscreen 1L Pump Pack 50+ (ea/6 per box);12;EA;282.75;282.75;;N008100;;
ttOrder;3093/M00031;3093/M00031;;;;;;;;;Tradeline Site Solutions;;12;MATS-001;[SIGN1290CUSC] Safety Sign 1200 x 900mm Coreflute - Georgiou Construction Site;10;EA;750;750;;N008100;;
ttOrder;3093/M00031;3093/M00031;;;;;;;;;Tradeline Site Solutions;;13;DEL01;Delivery - Regional;1;NO;32.9;32.9;;N008100;;
ttOrder;3093/M00032;3093/M00032;3093/M00032;;Y;N;Y;23/08/2023;bstormon;REA001;Reali Supply;AUD;1;MATS-001;Men's Lightweight Taped Two Tone Long Sleeve;5;EA;168.63;168.63;;N003001;3093;Order Complete
ttOrder;3093/M00032;3093/M00032;;;;;;;;;Reali Supply;;2;MATS-001;Career Mens Contemporary Fit Long Sleeve;1;EA;62.4;62.4;;N003001;;
ttOrder;3093/M00032;3093/M00032;;;;;;;;;Reali Supply;;3;MATS-001;312652 Argyle Zip TPU Scuff Cap Boot - Wheat;1;EA;154.5;154.5;;N003001;;
ttOrder;3093/M00033;3093/M00033;3093/M00033;;Y;N;Y;25/08/2023;ajeffery;EUR003;Europcar WA;AUD;1;MATS-001;Hire 4x4 tray back for Jamie Taylor;1;EA;600;0;;N002110;3093;Order Complete
ttOrder;3093/M00034;3093/M00034;3093/M00034;V001;Y;N;Y;05/09/2023;bstormon;THE078;THE TRUSTEE FOR BEVELUCK NO 2;AUD;1;MATS-001;5x furniture for houses;12554.54;EA;12554.54;12554.54;;N031001;3093;Order Complete
ttOrder;3093/M00034;3093/M00034;;;;;;;;;THE TRUSTEE FOR BEVELUCK NO 3;;2;MATS-001;Dryers;1227.27;EA;1227.27;1227.27;;N031001;;
ttOrder;3093/M00035;3093/M00035;3093/M00035;;Y;N;Y;28/08/2023;bstormon;KONN01;Konnect;AUD;1;MATS-001;Safety Glasses Tsunami Smoke Lens;24;EA;36;36;;N003001;3093;Order Complete
ttOrder;3093/M00035;3093/M00035;;;;;;;;;Konnect;;2;MATS-001;Hard Hat V9 Vented Pushlock;10;EA;112;112;;N003001;;
ttOrder;3093/M00035;3093/M00035;;;;;;;;;Konnect;;3;MATS-001;HARD HAT PLASTIC BRIM FLURO ORANGE;10;EA;128;128;;N003001;;
ttOrder;3093/M00035;3093/M00035;;;;;;;;;Konnect;;4;MATS-001;Gloves Riggamate Natural Cowgrain;20;EA;94;94;;N003001;;
ttOrder;3093/M00035;3093/M00035;;;;;;;;;Konnect;;5;MATS-001;Prosense Sand Grip Glove Size 10;120;EA;308.4;308.4;;N003001;;
ttOrder;3093/M00035;3093/M00035;;;;;;;;;Konnect;;6;MATS-001;Pro-Bullet Disposable Uncorded;4;EA;119.92;119.92;;N003001;;
ttOrder;3093/M00035;3093/M00035;;;;;;;;;Konnect;;7;MATS-001;Respirator P2 with Valve Box 12;10;EA;182.9;182.9;;N003001;;
ttOrder;3093/M00035;3093/M00035;;;;;;;;;Konnect;;8;MATS-001;Safety Vest Fluro Orange X Back;10;EA;59.5;59.5;;N003001;;
ttOrder;3093/M00035;3093/M00035;;;;;;;;;Konnect;;9;MATS-001;Outdoor/Snake/Spider Module Unit;1;EA;16.9;16.9;;N003001;;
ttOrder;3093/M00035;3093/M00035;;;;;;;;;Konnect;;10;MATS-001;Essential Industrial Response;1;EA;75;75;;N003001;;
ttOrder;3093/M00035;3093/M00035;;;;;;;;;Konnect;;11;MATS-001;Emergency Assembly Area 600X400MM;10;EA;205;205;;N003001;;
ttOrder;3093/M00035;3093/M00035;;;;;;;;;Konnect;;12;MATS-001;600X450MM CORFLUTE - 'DANGER DEEP;10;EA;205;205;;N003001;;
ttOrder;3093/M00035;3093/M00035;;;;;;;;;Konnect;;13;MATS-001;First Aid Room 600x400mm Corflute;5;EA;102.5;0;;N003001;;
ttOrder;3093/M00035;3093/M00035;;;;;;;;;Konnect;;14;MATS-001;Danger Overhead Powerlines;10;EA;205;135.05;;N003001;;
ttOrder;3093/M00035;3093/M00035;;;;;;;;;Konnect;;15;MATS-001;Paramount - Eyewash Station  takes;5;EA;140;140;;N003001;;
ttOrder;3093/M00036;3093/M00036;3093/M00036;V006;Y;E;Y;10/10/2023;vstone;HIE001;HIESLER CONTRACTING PTY LTD;AUD;1;MATS-001;Smooth Drum Roller - Wet Hire;2091.38;HR;250965.6;51360;;GZPV010;3093;
ttOrder;3093/M00036;3093/M00036;;;;;;;;;HIESLER CONTRACTING PTY LTD;;2;MATS-001;Multi Tyre Roller - Wet Hire No Operator;2091.38;HR;115025.9;23650;;GZPV010;;
ttOrder;3093/M00036;3093/M00036;;;;;;;;;HIESLER CONTRACTING PTY LTD;;3;MATS-001;140M grader inc GPS/UTS;2091.38;HR;432915.66;96876;;GZPV010;;
ttOrder;3093/M00036;3093/M00036;;;;;;;;;HIESLER CONTRACTING PTY LTD;;4;MATS-001;Water Cart 12KL - WET Hire;4182.77;HR;543760.1;111670;;GZPV010;;
ttOrder;3093/M00036;3093/M00036;;;;;;;;;HIESLER CONTRACTING PTY LTD;;5;MATS-001;Supervisor;2091.38;HR;271879.4;24250;;GZPV010;;
ttOrder;3093/M00036;3093/M00036;;;;;;;;;HIESLER CONTRACTING PTY LTD;;6;MATS-001;Accommodation;15000;EA;15000;12771;;GZPV010;;
ttOrder;3093/M00036;3093/M00036;;;;;;;;;HIESLER CONTRACTING PTY LTD;;7;MATS-001;Float;34;EA;34680;0;;GZPV010;;
ttOrder;3093/M00036;3093/M00036;;;;;;;;;HIESLER CONTRACTING PTY LTD;;8;MATS-001;Labour / Travel / Prestart;500;EA;35000;22050;;GZPV010;;
ttOrder;3093/M00036;3093/M00036;;;;;;;;;HIESLER CONTRACTING PTY LTD;;9;MATS-001;Mobilisation;1;EA;12504.29;12504.29;;GZPV010;;
ttOrder;3093/M00036;3093/M00036;;;;;;;;;HIESLER CONTRACTING PTY LTD;;10;MATS-001;Light Vehicle/Site Vehicle;500;EA;25000;2600;;GZPV010;;
ttOrder;3093/M00036;3093/M00036;;;;;;;;;HIESLER CONTRACTING PTY LTD;;11;MATS-001;Living Away from Home Allowance;500;EA;25000;7200;;GZPV010;;
ttOrder;3093/M00036;3093/M00036;;;;;;;;;HIESLER CONTRACTING PTY LTD;;12;MATS-001;Fuel Supplied by Hiesler;3000;EA;3000;1446.4;;GZPV010;;
ttOrder;3093/M00037;3093/M00037;3093/M00037;;Y;N;Y;28/08/2023;bstormon;JAM002;James Lane;AUD;1;MATS-001;5x house sets;34231.23;EA;34231.23;31119.3;;N031001;3093;Order Complete
ttOrder;3093/M00038;3093/M00038;3093/M00038;;Y;N;Y;29/08/2023;bstormon;REA001;Reali Supply;AUD;1;MATS-001;Argyle Zip Sided 150mm Derby Style Lace-Up Safety Boot;1;EA;192.6;192.6;;N003001;3093;Order Complete
ttOrder;3093/M00038;3093/M00038;;;;;;;;;Reali Supply;;2;MATS-001;Cotton Drill Taped Cargo Pants - Navy;5;EA;114.75;114.75;;N003001;;
ttOrder;3093/M00038;3093/M00038;;;;;;;;;Reali Supply;;3;MATS-001;Men's Lightweight Taped Two Tone Long Sleeve Shirt - Yellow/Navy;5;EA;168.65;168.65;;N003001;;
ttOrder;3093/M00038;3093/M00038;;;;;;;;;Reali Supply;;4;MATS-001;Hi Vis Soft Shell Jacket with 3M Tape;1;EA;80.75;80.75;;N003001;;
ttOrder;3093/M00038;3093/M00038;;;;;;;;;Reali Supply;;5;MATS-001;Vented Hard Hat Type 1 with Georgiou Pad Print;1;EA;13.82;13.82;;N003001;;
ttOrder;3093/M00038;3093/M00038;;;;;;;;;Reali Supply;;6;MATS-001;Stockade Safety Spec;1;EA;2.4;2.38;;N003001;;
ttOrder;3093/M00039;3093/M00039;3093/M00039;V002;Y;N;Y;29/08/2023;bstormon;ALTU01;Altus Traffic;AUD;1;MATS-001;Traffic Controller Per Hr;11230;HR;520510.5;40139.11;;N0TM001;3093;
ttOrder;3093/M00039;3093/M00039;;;;;;;;;Altus Traffic;;2;MATS-001;Establishment per day per person;2552.25;EA;76567.5;3630;;N0TM001;;
ttOrder;3093/M00039;3093/M00039;;;;;;;;;Altus Traffic;;3;MATS-001;Traffic Vehicle per hr;8167.2;HR;179678.4;23765.5;;N0TM001;;
ttOrder;3093/M00039;3093/M00039;;;;;;;;;Altus Traffic;;4;MATS-001;Traffic Controller @ 1.5;3101.85;HR;189274.89;12295.53;;N0TM001;;
ttOrder;3093/M00039;3093/M00039;;;;;;;;;Altus Traffic;;5;MATS-001;Traffic Controller @ 2;1437.53;HR;113564.87;4226.5;;N0TM001;;
ttOrder;3093/M00039;3093/M00039;;;;;;;;;Altus Traffic;;6;MATS-001;Traffic Controller @ Weekend;958.35;HR;75709.65;7682.75;;N0TM001;;
ttOrder;3093/M00039;3093/M00039;;;;;;;;;Altus Traffic;;7;MATS-001;Meal allowance after 10 hours;2150.65;HR;47314.39;2222;;N0TM001;;
ttOrder;3093/M00039;3093/M00039;;;;;;;;;Altus Traffic;;8;MATS-001;Traffic Management Vehicle - Utility per day;1399.36;DAY;44919.6;3418.66;;N0TM001;;
ttOrder;3093/M00040;3093/M00040;3093/M00040;V005;Y;N;Y;01/10/2023;bstormon;SCO003;Scott Roadways;AUD;1;MATS-001;Truck - Semi Side Tipper - 22-24 payload;3000;HR;555000;284298.75;;1APV010;3093;
ttOrder;3093/M00040;3093/M00040;;;;;;;;;Scott Roadways;;2;MATS-001;Front Loader 950H;300;HR;55500;16405;;1APV010;;
ttOrder;3093/M00040;3093/M00040;;;;;;;;;Scott Roadways;;3;MATS-001;Water storage tanks;40;DAY;6000;1500;;1APV010;;
ttOrder;3093/M00040;3093/M00040;;;;;;;;;Scott Roadways;;4;PLAN-001;B-Double Tanker or Side Tipper;300;HR;63000;21630;;1APV010;;
ttOrder;3093/M00041;3093/M00041;3093/M00041;;Y;N;Y;29/08/2023;bstormon;JJRY01;JJ Ryan Consulting;AUD;1;MATS-001;Principal Engineer (RPEQ) 12+ years;800;EA;180000;0;;N001023;3093;
ttOrder;3093/M00041;3093/M00041;;;;;;;;;JJ Ryan Consulting;;2;MATS-001;Senior Engineer 6-12 years;1925;EA;346500;0;;N001023;;
ttOrder;3093/M00041;3093/M00041;;;;;;;;;JJ Ryan Consulting;;3;MATS-001;Project Engineer  3-6 years;1950;EA;292500;0;;N001023;;
ttOrder;3093/M00041;3093/M00041;;;;;;;;;JJ Ryan Consulting;;4;MATS-001;Vehicle Usage;290;EA;43500;0;;N001023;;
ttOrder;3093/M00041;3093/M00041;;;;;;;;;JJ Ryan Consulting;;5;MATS-001;Accomodation;50;EA;6250;0;;N001023;;
ttOrder;3093/M00042;3093/M00042;3093/M00042;;Y;N;Y;29/08/2023;bstormon;JJRI02;JJ Richards & Sons Pty Ltd T/;AUD;1;MATS-001;9m Skip;10;EA;8650;1583.25;;N002101;3093;
ttOrder;3093/M00042;3093/M00042;;;;;;;;;JJ Richards & Sons Pty Ltd T/;;2;MATS-001;Disposal fee;10;EA;2780;2780;;N002101;;
ttOrder;3093/M00043;3093/M00043;3093/M00043;V001;Y;N;N;30/08/2023;bstormon;STEL01;Stellar Systems Pty Ltd;AUD;1;MATS-001;Ubiquiti UniFi AC Pro V2 Indoor &;2;EA;456.48;228.24;;N002190;3093;Order Complete
ttOrder;3093/M00043;3093/M00043;;;;;;;;;Stellar Systems Pty Ltd;;2;MATS-001;Freight Standard;1;EA;20;20;;N002190;;
ttOrder;3093/M00043;3093/M00043;;;;;;;;;Stellar Systems Pty Ltd;;3;MATS-001;Ubiquiti UniFi AC Pro V2 Indoor &;-1;EA;-228.24;0;;N002190;;
ttOrder;3093/M00044;3093/M00044;3093/M00044;;Y;N;Y;30/08/2023;bstormon;ALCO01;Alcolizer Technology;AUD;1;MATS-001;HH3 Alcohol Tester (AS3547:2019) 12 Month Cal;2;EA;1590;1590;;N003001;3093;Order Complete
ttOrder;3093/M00044;3093/M00044;;;;;;;;;Alcolizer Technology;;2;MATS-001;Mouthpiece;200;EA;84;84;;N003001;;
ttOrder;3093/M00044;3093/M00044;;;;;;;;;Alcolizer Technology;;3;MATS-001;Delivery;1;EA;24;24;;N003001;;
ttOrder;3093/M00045;3093/M00045;3093/M00045;V001;Y;N;Y;21/09/2023;cmacdonald;MAST09;Master Hire;AUD;1;MATS-001;2x mobile toilet;4;EA;240;0;;N002101;3093;
ttOrder;3093/M00045;3093/M00045;;;;;;;;;Master Hire;;2;MATS-001;Pump out;2;EA;140;0;;N002101;;
ttOrder;3093/M00045;3093/M00045;;;;;;;;;Master Hire;;3;MATS-001;Tandem trailer;2;EA;661.16;330.58;;N002101;;
ttOrder;3093/M00046;3093/M00046;3093/M00046;V001;Y;N;Y;22/09/2023;bstormon;MAST09;Master Hire;AUD;1;MATS-001;Contract 143333-06 Mobile Toilet Trailer;24;WK;1440;317.14;;N002101;3093;
ttOrder;3093/M00046;3093/M00046;;;;;;;;;Master Hire;;2;MATS-001;Contract 144259-06 Mobile Toilet Trailer;24;WK;1440;51.42;;N002101;;
ttOrder;3093/M00046;3093/M00046;;;;;;;;;Master Hire;;3;MATS-001;Contract 147867-06 Mobile Toilet Trailer;24;WK;1440;42.85;;N002101;;
ttOrder;3093/M00046;3093/M00046;;;;;;;;;Master Hire;;4;MATS-001;Contract 147887-06 Mobile Toilet Trailer;24;WK;1440;0;;N002101;;
ttOrder;3093/M00046;3093/M00046;;;;;;;;;Master Hire;;5;MATS-001;Mobile toilet pump outs as & when required ;700;EA;700;0;;N002101;;
ttOrder;3093/M00047;3093/M00047;3093/M00047;;Y;N;Y;01/09/2023;bstormon;WIR003;Wire Property Agents;AUD;1;MATS-001;Bond;1;EA;2000;2000;;N031001;3093;Order Complete
ttOrder;3093/M00047;3093/M00047;;;;;;;;;Wire Property Agents;;2;MATS-001;Rent for the month;2389.88;EA;2389.88;2172.62;;N031001;;
ttOrder;3093/M00048;3093/M00048;3093/M00048;V002;N;N;Y;01/10/2023;bstormon;BKHI01;BK Hire;AUD;1;MATS-001;Body Truck;1;EA;119;0;;1LPV011;3093;
ttOrder;3093/M00048;3093/M00048;;;;;;;;;BK Hire;;2;MATS-001;Semi-Side Tipper;100;EA;233747.5;0;;1LPV011;;
ttOrder;3093/M00048;3093/M00048;;;;;;;;;BK Hire;;3;MATS-001;13t Exc with GPS;1;EA;145;0;;1LPV011;;
ttOrder;3093/M00048;3093/M00048;;;;;;;;;BK Hire;;4;MATS-001;22.5T Exc with GPS 170;1;EA;168;0;;1LPV011;;
ttOrder;3093/M00048;3093/M00048;;;;;;;;;BK Hire;;5;MATS-001;Water Supply;779.41;KL;19200;2494.11;;1LPV011;;
ttOrder;3093/M00048;3093/M00048;;;;;;;;;BK Hire;;6;MATS-001;Grader 140H/M;200;EA;103871.1;0;;1LPV011;;
ttOrder;3093/M00048;3093/M00048;;;;;;;;;BK Hire;;7;MATS-001;Roller – Smooth Drum or Padfoot;100;EA;93101.25;0;;1LPV011;;
ttOrder;3093/M00048;3093/M00048;;;;;;;;;BK Hire;;8;MATS-001;Water Cart Rigid;100;EA;44610;0;;1LPV011;;
ttOrder;3093/M00048;3093/M00048;;;;;;;;;BK Hire;;9;MATS-001;Water Cart Semi;100;EA;37000;1295;;1LPV011;;
ttOrder;3093/M00048;3093/M00048;;;;;;;;;BK Hire;;10;MATS-001;Labour / Pre-start Rate;100;EA;11250;2250;;1LPV011;;
ttOrder;3093/M00048;3093/M00048;;;;;;;;;BK Hire;;11;MATS-001;Float - Moving Equipment around site;50;HR;10000;3300;;1LPV011;;
ttOrder;3093/M00048;3093/M00048;;;;;;;;;BK Hire;;12;MATS-001;Front Loader;100;EA;140000;0;;1LPV011;;
ttOrder;3093/M00048;3093/M00048;;;;;;;;;BK Hire;;13;MATS-001;Roller – multi tyre - 18-20t;744.81;EA;93101.25;0;;1LPV011;;
ttOrder;3093/M00050;3093/M00050;3093/M00050;;Y;N;Y;04/09/2023;bstormon;MIN017;Minstaff Survey Pty Ltd;AUD;1;MATS-001;Lead Survey;2720;HR;394400;0;;N001070;3093;
ttOrder;3093/M00050;3093/M00050;;;;;;;;;Minstaff Survey Pty Ltd;;2;MATS-001;Project Surveyor;2720;HR;367200;0;;N001070;;
ttOrder;3093/M00050;3093/M00050;;;;;;;;;Minstaff Survey Pty Ltd;;3;MATS-001;External Works;2720;HR;340000;0;;N001070;;
ttOrder;3093/M00050;3093/M00050;;;;;;;;;Minstaff Survey Pty Ltd;;4;MATS-001;Assistant Surveyor;136;WK;9520;0;;N001070;;
ttOrder;3093/M00050;3093/M00050;;;;;;;;;Minstaff Survey Pty Ltd;;5;MATS-001;Base Station Hire;680;WK;471131.2;0;;N001070;;
ttOrder;3093/M00051;3093/M00051;3093/M00051;;Y;N;Y;04/09/2023;bstormon;TRAD10;Tradeline Site Solutions;AUD;1;MATS-001;[DAY30BL] Safety Flags - BLUE Bunting - 30m (ea/25box);8;EA;122.16;0;;N002110;3093;
ttOrder;3093/M00051;3093/M00051;;;;;;;;;Tradeline Site Solutions;;2;MATS-001;[SIGNA40] Safety Sign 600 x 450mm - Reverse Parking Only - Coreflute;4;EA;82.4;0;;N002110;;
ttOrder;3093/M00051;3093/M00051;;;;;;;;;Tradeline Site Solutions;;3;MATS-001;[YELMANUP] 1200 x 1800mm Coreflute Yellow Man Cut Out - Pointing Up;20;EA;1085.78;0;;N002110;;
ttOrder;3093/M00051;3093/M00051;;;;;;;;;Tradeline Site Solutions;;4;MATS-001;[SIGNSTICK] Custom Sticker A4 (to suit yellow men) - DANGER Overhead Powerlines ___m;20;EA;56.2;0;;N002110;;
ttOrder;3093/M00051;3093/M00051;;;;;;;;;Tradeline Site Solutions;;5;MATS-001;[SMP350W] DYMARK Spray and Mark Layout Paint; White 350gram (ea/12box);48;EA;318.73;0;;N002110;;
ttOrder;3093/M00051;3093/M00051;;;;;;;;;Tradeline Site Solutions;;6;MATS-001;[IFINEBLACK] Dy-Mark iFine Permanent Marker Pen - Black (ea/Box 10);10;EA;37.27;0;;N002110;;
ttOrder;3093/M00051;3093/M00051;;;;;;;;;Tradeline Site Solutions;;7;MATS-001;[PAINTPENP10BK] Paint Marker Pen P10 - Black (ea/12 Box);10;EA;54.09;0;;N002110;;
ttOrder;3093/M00051;3093/M00051;;;;;;;;;Tradeline Site Solutions;;8;MATS-001;Hardwood Peg 50 x 25 x 1200mm Painted (ea/10bundle);120;EA;718.8;0;;N002110;;
ttOrder;3093/M00051;3093/M00051;;;;;;;;;Tradeline Site Solutions;;9;DEL01;Delivery - Regional to Lorrimer St  Oakey QLD 4401;1;NO;32.9;0;;N002110;;
ttOrder;3093/M00052;3093/M00052;3093/M00052;V002;Y;N;Y;21/08/2023;cmacdonald;RAY007;Ray White Rural (Oakey);AUD;1;MATS-001;11 Berghofer Drive  Bond + Rent;2;EA;3760;1709.09;;N031001;3093;Order Complete
ttOrder;3093/M00052;3093/M00052;;;;;;;;;Ray White Rural (Oakey);;2;MATS-001;Monthly rent;10;EA;18800;2036.67;;N031001;;
ttOrder;3093/M00052;3093/M00052;;;;;;;;;Ray White Rural (Oakey);;3;MATS-001;Extra bond amount;1;EA;90.91;90.91;;N031001;;
ttOrder;3093/M00053;3093/M00053;3093/M00053;;Y;N;Y;05/09/2023;ajeffery;HAR022;Harvey's Towing (Qld) Pty Ltd;AUD;1;MATS-001;Transport C155 to site;1;EA;1000;700;;N008003;3093;Order Complete
ttOrder;3093/M00054;3093/M00054;3093/M00054;;Y;N;Y;05/09/2023;cmacdonald;BUNN04;Bunnings - QLD;AUD;1;MATS-001;cleaning supplies;2000;EA;2000;1652.87;;N002101;3093;Order Complete
ttOrder;3093/M00055;3093/M00055;3093/M00055;V002;Y;N;Y;13/10/2023;bstormon;OFFI10;Officeworks Superstores P/L;AUD;1;MATS-001;Supplies for site set up;30000;EA;30000;19487.63;;N002101;3093;
ttOrder;3093/M00056;3093/M00056;3093/M00056;;Y;N;Y;06/09/2023;bstormon;TRAD10;Tradeline Site Solutions;AUD;1;MATS-001;[SIGNA2] Custom Design Sign A2 (420 x 594m) Corflute - Project Gate Sign;20;EA;412;0;;PPPPWIP;3093;
ttOrder;3093/M00056;3093/M00056;;;;;;;;;Tradeline Site Solutions;;2;DEL01;Delivery - Regional;1;NO;0;0;;PPPPWIP;;
ttOrder;3093/M00057;3093/M00057;3093/M00057;;Y;N;Y;06/09/2023;bstormon;THE078;THE TRUSTEE FOR BEVELUCK NO 2;AUD;1;MATS-001;Whitegoods for site;3789.09;EA;3789.09;3789.09;;N008100;3093;Order Complete
ttOrder;3093/M00058;3093/M00058;3093/M00058;;Y;N;Y;06/09/2023;bstormon;TELC01;Telco Antennas Pty Ltd;AUD;1;MATS-001;Cable Assemblies;354.57;EA;354.57;300.73;;N002190;3093;Order Complete
ttOrder;3093/M00059;3093/M00059;3093/M00059;;Y;N;Y;07/09/2023;bstormon;WIR003;Wire Property Agents;AUD;1;MATS-001;Bond;1;EA;1800;1800;;N031001;3093;Order Complete
ttOrder;3093/M00059;3093/M00059;;;;;;;;;Wire Property Agents;;2;MATS-001;4 weeks rent;1;EA;1960.71;1960.71;;N031001;;
ttOrder;3093/M00060;3093/M00060;3093/M00060;V001;Y;N;Y;11/10/2023;bstormon;TRA036;Traffic Engineering Australia;AUD;1;MATS-001;TGS;50;EA;15000;5700;;N002101;3093;
ttOrder;3093/M00061;3093/M00061;3093/M00061;;Y;N;Y;07/09/2023;bstormon;THE078;THE TRUSTEE FOR BEVELUCK NO 2;AUD;1;MATS-001;White goods for houses;3;EA;8541.81;8541.81;;N031001;3093;Order Complete
ttOrder;3093/M00062;3093/M00062;3093/M00062;;Y;N;Y;07/09/2023;bstormon;NEVE01;Neverfail Springwater;AUD;1;MATS-001;Water coolers;3;EA;479.49;0;;N002101;3093;Order Complete
ttOrder;3093/M00062;3093/M00062;;;;;;;;;Neverfail Springwater;;2;MATS-001;Spring water bottles;100;EA;1495;0;;N002101;;
ttOrder;3093/M00063;3093/M00063;3093/M00063;;Y;N;Y;08/09/2023;cmacdonald;DSWO01;DS Workwear;AUD;1;MATS-001;PPE for Tayla and Greg;363.18;EA;363.18;363.16;;N003001;3093;Order Complete
ttOrder;3093/M00064;3093/M00064;3093/M00064;;Y;N;Y;08/09/2023;bstormon;JOBF01;Jobfit Health Group Pty Ltd;AUD;1;MATS-001;Rimal Bhudia - Medical Basic;1;EA;266;243;;N003001;3093;Order Complete
ttOrder;3093/M00065;3093/M00065;3093/M00065;;Y;N;Y;08/09/2023;cmacdonald;JAM002;James Lane;AUD;1;MATS-001;3x house sets of furniture;18473.9;EA;18473.9;16794.45;;N031001;3093;Order Complete
ttOrder;3093/M00066;3093/M00066;3093/M00066;;Y;N;Y;08/09/2023;bstormon;WIR003;Wire Property Agents;AUD;1;MATS-001;Bond for 2 Units on Sybyl Street;2;EA;4400;0;;N031001;3093;Order Complete
ttOrder;3093/M00066;3093/M00066;;;;;;;;;Wire Property Agents;;2;MATS-001;Rent for 2 units on Sybyl street;2;EA;4400;0;;N031001;;
ttOrder;3093/M00067;3093/M00067;3093/M00067;;Y;N;Y;08/09/2023;bstormon;SUC001;Success Realty (QLD);AUD;1;MATS-001;2/4 Waverly St;11;EA;19800;3600;;N031001;3093;
ttOrder;3093/M00067;3093/M00067;;;;;;;;;Success Realty (QLD);;2;MATS-001;5/77 Anzac Ave;11;EA;23760;4320;;N031001;;
ttOrder;3093/M00067;3093/M00067;;;;;;;;;Success Realty (QLD);;3;MATS-001;1/9 Sunning St;11;EA;19140;3480;;N031001;;
ttOrder;3093/M00067;3093/M00067;;;;;;;;;Success Realty (QLD);;4;MATS-001;1/15 Wapiti St;11;EA;18700;3400;;N031001;;
ttOrder;3093/M00067;3093/M00067;;;;;;;;;Success Realty (QLD);;5;MATS-001;1/46 McGee St;11;EA;24200;4400;;N031001;;
ttOrder;3093/M00067;3093/M00067;;;;;;;;;Success Realty (QLD);;6;MATS-001;44A Gordon Ave;11;EA;22000;2000;;N031001;;
ttOrder;3093/M00068;3093/M00068;3093/M00068;V001;Y;N;Y;11/09/2023;bstormon;WIR003;Wire Property Agents;AUD;1;MATS-001;2/7 Camira Ct;11;EA;21560;1960.71;;N031001;3093;
ttOrder;3093/M00068;3093/M00068;;;;;;;;;Wire Property Agents;;2;MATS-001;1/2 Sybyl St;12;EA;28757.16;6992.86;;N031001;;
ttOrder;3093/M00068;3093/M00068;;;;;;;;;Wire Property Agents;;3;MATS-001;2/2 Sybyl St;12;EA;28757.16;6992.86;;N031001;;
ttOrder;3093/M00068;3093/M00068;;;;;;;;;Wire Property Agents;;4;MATS-001;72 Jack St;11;EA;24200;2389.88;;N031001;;
ttOrder;3093/M00069;3093/M00069;3093/M00069;V001;Y;N;Y;28/09/2023;bstormon;RAY007;Ray White Rural (Oakey);AUD;1;MATS-001;11 Berghofer Dr;11;EA;22403.37;2036.67;;N031001;3093;
ttOrder;3093/M00069;3093/M00069;;;;;;;;;Ray White Rural (Oakey);;2;MATS-001;Bond top up;1;EA;80;80;;N031001;;
ttOrder;3093/M00070;3093/M00070;3093/M00070;;Y;N;Y;08/09/2023;bstormon;JLC001;JLC Real Estate Pty Ltd;AUD;1;MATS-001;4 Clive St - Bond;1;EA;1650;1650;;N031001;3093;
ttOrder;3093/M00070;3093/M00070;;;;;;;;;JLC Real Estate Pty Ltd;;2;MATS-001;4 Clive St;12;EA;13200;2025.71;;N031001;;
ttOrder;3093/M00071;3093/M00071;3093/M00071;;Y;N;Y;11/09/2023;bstormon;TELC01;Telco Antennas Pty Ltd;AUD;1;MATS-001;Custom LCU400 Coaxial Cable;300.73;EA;300.73;300.73;;N002191;3093;Order Complete
ttOrder;3093/M00071;3093/M00071;;;;;;;;;Telco Antennas Pty Ltd;;2;MATS-001;Delivery .;33.77;EA;33.77;0;;N002191;;
ttOrder;3093/M00072;3093/M00072;3093/M00072;;Y;N;Y;11/09/2023;cmacdonald;TRAD10;Tradeline Site Solutions;AUD;1;MATS-001;Toilet Paper 2 Ply 400 sheets Ind/Wrap (Box;5;EA;200.41;200.41;;N002101;3093;Order Complete
ttOrder;3093/M00072;3093/M00072;;;;;;;;;Tradeline Site Solutions;;2;MATS-001;Hand Towel Rolls 180mm x 80m (Box of 16) -;5;EA;213.67;213.67;;N002101;;
ttOrder;3093/M00072;3093/M00072;;;;;;;;;Tradeline Site Solutions;;3;MATS-001;33/36L Garbage Bags - White (Roll 50);40;EA;290.68;290.68;;N002101;;
ttOrder;3093/M00072;3093/M00072;;;;;;;;;Tradeline Site Solutions;;4;MATS-001;73L Garbage Bags - (Packet/50);25;EA;294.25;294.25;;N002101;;
ttOrder;3093/M00072;3093/M00072;;;;;;;;;Tradeline Site Solutions;;5;MATS-001;Hand Towel Roll Metal Dispenser;3;EA;229.73;229.73;;N002101;;
ttOrder;3093/M00072;3093/M00072;;;;;;;;;Tradeline Site Solutions;;6;MATS-001;Bleach - 5 Litre;1;EA;21.46;21.46;;N002101;;
ttOrder;3093/M00072;3093/M00072;;;;;;;;;Tradeline Site Solutions;;7;MATS-001;Surface Cleaner 20L - Spray/Wipe Multi;1;EA;68.55;68.55;;N002101;;
ttOrder;3093/M00072;3093/M00072;;;;;;;;;Tradeline Site Solutions;;8;MATS-001;Laser Plus Toilet Bowl / Urinal Cleaner 20L;1;EA;95.85;95.85;;N002101;;
ttOrder;3093/M00072;3093/M00072;;;;;;;;;Tradeline Site Solutions;;9;MATS-001;Disinfectant 4in1 Lemon Floor/Surface;1;EA;62.12;62.12;;N002101;;
ttOrder;3093/M00072;3093/M00072;;;;;;;;;Tradeline Site Solutions;;10;MATS-001;Edco Hand Soap Dispenser 900ml capacity;5;EA;207.7;207.7;;N002101;;
ttOrder;3093/M00072;3093/M00072;;;;;;;;;Tradeline Site Solutions;;11;MATS-001;Soft Soap Hand Cleaner - 5 Litre (ea/2 per;2;EA;41.87;41.87;;N002101;;
ttOrder;3093/M00072;3093/M00072;;;;;;;;;Tradeline Site Solutions;;12;MATS-001;Dust Pan & Brush Set - Economy;5;EA;33.2;33.2;;N002101;;
ttOrder;3093/M00072;3093/M00072;;;;;;;;;Tradeline Site Solutions;;13;MATS-001;Glen 20 Spray 300g (ea/9 Box);9;EA;118.88;118.88;;N002101;;
ttOrder;3093/M00072;3093/M00072;;;;;;;;;Tradeline Site Solutions;;14;MATS-001;Urinal Deoderant Blocks 10kg - Fruity;2;EA;279.8;279.8;;N002101;;
ttOrder;3093/M00072;3093/M00072;;;;;;;;;Tradeline Site Solutions;;15;MATS-001;Cleaning Roll/Wipes TUF Calypso 30cm x 45m;10;EA;186.35;186.35;;N002101;;
ttOrder;3093/M00072;3093/M00072;;;;;;;;;Tradeline Site Solutions;;16;MATS-001;Scourer Sponges (5 Pack);10;EA;57.41;57.41;;N002101;;
ttOrder;3093/M00072;3093/M00072;;;;;;;;;Tradeline Site Solutions;;17;MATS-001;Toilet Brush and Holder Set;5;EA;31.59;31.59;;N002101;;
ttOrder;3093/M00072;3093/M00072;;;;;;;;;Tradeline Site Solutions;;18;MATS-001;Broom 600mm - Medium Bristle;2;EA;62.12;62.12;;N002101;;
ttOrder;3093/M00072;3093/M00072;;;;;;;;;Tradeline Site Solutions;;19;MATS-001;Heavy Duty Broom Handle 25mm x 1500mm;4;EA;26.3;26.3;;N002101;;
ttOrder;3093/M00072;3093/M00072;;;;;;;;;Tradeline Site Solutions;;20;MATS-001;Broom 600mm - Hard Bristle;2;EA;73.92;73.92;;N002101;;
ttOrder;3093/M00072;3093/M00072;;;;;;;;;Tradeline Site Solutions;;21;MATS-001;Plastic Mop Wringer Bucket 16L - RED;2;EA;102.82;102.82;;N002101;;
ttOrder;3093/M00072;3093/M00072;;;;;;;;;Tradeline Site Solutions;;22;MATS-001;Ezy Wring Cotton Mop RED;2;EA;43.4;43.4;;N002101;;
ttOrder;3093/M00072;3093/M00072;;;;;;;;;Tradeline Site Solutions;;23;MATS-001;ALUMINIUM MOP HANDLE - RED 1.5M X 25MM;2;EA;27.67;27.67;;N002101;;
ttOrder;3093/M00072;3093/M00072;;;;;;;;;Tradeline Site Solutions;;24;MATS-001;Office Bin 15L - Black;12;EA;128.88;128.88;;N002101;;
ttOrder;3093/M00072;3093/M00072;;;;;;;;;Tradeline Site Solutions;;25;MATS-001;Black/Yellow MSDS Binder Folder - 40mm - 2;2;EA;69.68;69.68;;N002101;;
ttOrder;3093/M00072;3093/M00072;;;;;;;;;Tradeline Site Solutions;;26;MATS-001;Sunscreen 2.5L Pump Pack SPF50+;5;EA;357.3;357.3;;N002101;;
ttOrder;3093/M00072;3093/M00072;;;;;;;;;Tradeline Site Solutions;;27;MATS-001;White Board Eraser;1;EA;14.05;14.05;;N002101;;
ttOrder;3093/M00072;3093/M00072;;;;;;;;;Tradeline Site Solutions;;28;MATS-001;75 litre Plastic Bin with Lid;5;EA;171.36;171.36;;N002101;;
ttOrder;3093/M00072;3093/M00072;;;;;;;;;Tradeline Site Solutions;;29;MATS-001;1000ml Spray Bottle (EMPTY);5;EA;18.86;18.86;;N002101;;
ttOrder;3093/M00072;3093/M00072;;;;;;;;;Tradeline Site Solutions;;30;MATS-001;1000ml Spray Bottle Trigger;5;EA;20.62;20.62;;N002101;;
ttOrder;3093/M00072;3093/M00072;;;;;;;;;Tradeline Site Solutions;;31;MATS-001;Delivery - Regional;1;EA;32.9;32.9;;N002101;;
ttOrder;3093/M00073;3093/M00073;3093/M00073;;Y;N;Y;13/09/2023;cmacdonald;EUR006;Europcar VIC;AUD;1;MATS-001;Rental car;645.26;EA;645.26;645.26;;N002110;3093;Order Complete
ttOrder;3093/M00074;3093/M00074;3093/M00074;;Y;N;Y;13/09/2023;cmacdonald;THE078;THE TRUSTEE FOR BEVELUCK NO 2;AUD;1;MATS-001;coffee machine + cleaner;726.36;EA;726.36;726.36;;N002102;3093;Order Complete
ttOrder;3093/M00075;3093/M00075;3093/M00075;V001;Y;N;Y;07/10/2023;bstormon;THE079;The Trustee for WIEDMAN FAMIL;AUD;1;MATS-001;Travel to site and install AC;1;EA;2581.82;2581.82;;N008003;3093;Order Complete
ttOrder;3093/M00075;3093/M00075;;;;;;;;;The Trustee for WIEDMAN FAMIL;;2;MATS-001;Travel to site and inspect site  supply &;1;EA;8500;8500;;N008003;;
ttOrder;3093/M00076;3093/M00076;3093/M00076;;Y;N;Y;13/09/2023;bstormon;RET003;Retracom Holdings Pty Ltd;AUD;1;MATS-001;Ablution Block 4.8x3.1 1F-3M+URINAL PROVISIONAL SUM ONLY;1;EA;0;0;;PPPPWIP;3093;Order Complete
ttOrder;3093/M00076;3093/M00076;;;;;;;;;Retracom Holdings Pty Ltd;;2;MATS-001;Waste Tank 6x2.4 / 4500L PROVISIONAL SUM ONLY;1;EA;0;0;;PPPPWIP;;
ttOrder;3093/M00076;3093/M00076;;;;;;;;;Retracom Holdings Pty Ltd;;3;MATS-001;Landing (Step) 1.2x1.2;2;EA;0;0;;PPPPWIP;;
ttOrder;3093/M00076;3093/M00076;;;;;;;;;Retracom Holdings Pty Ltd;;4;MATS-001;Cleaning Fee (End of Rental) PROVISIONAL SUM ONLY;1;EA;0;0;;PPPPWIP;;
ttOrder;3093/M00076;3093/M00076;;;;;;;;;Retracom Holdings Pty Ltd;;5;MATS-001;Cleaning Fee (End of Rental) WASTE TANK CLEAN PROVISIONAL SUM ONLY;1;EA;0;0;;PPPPWIP;;
ttOrder;3093/M00076;3093/M00076;;;;;;;;;Retracom Holdings Pty Ltd;;6;MATS-001;Ablution Tank Pump Out (EACH CALL OUT);1;EA;0;0;;PPPPWIP;;
ttOrder;3093/M00076;3093/M00076;;;;;;;;;Retracom Holdings Pty Ltd;;7;MATS-001;Pickup Charge PROVISIONAL SUM ONLY;1;EA;0;0;;PPPPWIP;;
ttOrder;3093/M00076;3093/M00076;;;;;;;;;Retracom Holdings Pty Ltd;;8;MATS-001;Delivery Charge PROVISIONAL SUM ONLY;1;EA;0;0;;PPPPWIP;;
ttOrder;3093/M00077;3093/M00077;3093/M00077;;N;N;Y;13/09/2023;bstormon;RET003;Retracom Holdings Pty Ltd;AUD;;;;0;;0;0;;;3093;
ttOrder;3093/M00078;3093/M00078;3093/M00078;;Y;N;Y;14/09/2023;bstormon;EMM002;Emma Lea Rackley;AUD;1;LABR-001;Weekly Rate for Emma Rackley for Community;28.15;WK;140750;0;;N001020;3093;
ttOrder;3093/M00079;3093/M00079;3093/M00079;;Y;N;Y;14/09/2023;bstormon;JAM002;James Lane;AUD;1;MATS-001;153710AA;6042.73;EA;6042.73;6042.73;;N031001;3093;Order Complete
ttOrder;3093/M00079;3093/M00079;;;;;;;;;James Lane;;2;MATS-001;1537104;846.5;EA;846.5;846.5;;N031001;;
ttOrder;3093/M00080;3093/M00080;3093/M00080;V001;Y;N;Y;05/10/2023;cmacdonald;TRAD10;Tradeline Site Solutions;AUD;1;MATS-001;T-top Bollard Top Only;200;EA;2180;2180;;PPPPWIP;3093;Order Complete
ttOrder;3093/M00080;3093/M00080;;;;;;;;;Tradeline Site Solutions;;2;MATS-001;T-top Bollard 8KG Base only;300;EA;4173;4173;;PPPPWIP;;
ttOrder;3093/M00080;3093/M00080;;;;;;;;;Tradeline Site Solutions;;3;MATS-001;Delivery;1;EA;300;300;;PPPPWIP;;
ttOrder;3093/M00081;3093/M00081;3093/M00081;V001;Y;N;Y;21/09/2023;cmacdonald;HAR022;Harvey's Towing (Qld) Pty Ltd;AUD;1;MATS-001;SC82 - Transport Rathdowney to Oakey;1;EA;1136.36;1136.36;;N008003;3093;Order Complete
ttOrder;3093/M00082;3093/M00082;3093/M00082;;N;N;Y;15/09/2023;bstormon;RET003;Retracom Holdings Pty Ltd;AUD;1;MATS-001;Ablution block 4.8x3.1;1;EA;135;0;;PPPPWIP;3093;
ttOrder;3093/M00082;3093/M00082;;;;;;;;;Retracom Holdings Pty Ltd;;2;MATS-001;Waste tank 4500L;1;EA;90;0;;PPPPWIP;;
ttOrder;3093/M00082;3093/M00082;;;;;;;;;Retracom Holdings Pty Ltd;;3;MATS-001;landing (step);2;EA;0;0;;PPPPWIP;;
ttOrder;3093/M00082;3093/M00082;;;;;;;;;Retracom Holdings Pty Ltd;;4;MATS-001;Cleaning fee;1;EA;136;0;;PPPPWIP;;
ttOrder;3093/M00082;3093/M00082;;;;;;;;;Retracom Holdings Pty Ltd;;5;MATS-001;Cleaning fee (wastetank);1;EA;58;0;;PPPPWIP;;
ttOrder;3093/M00082;3093/M00082;;;;;;;;;Retracom Holdings Pty Ltd;;6;MATS-001;Delivery;1;EA;625;0;;PPPPWIP;;
ttOrder;3093/M00082;3093/M00082;;;;;;;;;Retracom Holdings Pty Ltd;;7;MATS-001;Pickup;1;EA;625;0;;PPPPWIP;;
ttOrder;3093/M00083;3093/M00083;3093/M00083;;Y;N;Y;15/09/2023;bstormon;TRAD10;Tradeline Site Solutions;AUD;1;MATS-001;1200 x 1800mm Coreflute Yellow Man Cut Out - Hands Down;50;EA;2714.45;2714.45;;PPPPWIP;3093;Order Complete
ttOrder;3093/M00083;3093/M00083;;;;;;;;;Tradeline Site Solutions;;2;MATS-001;Custom Sticker A4 (to suit yellow men) - DANGER Overhead Powerlines ___m;50;EA;140.5;140.5;;PPPPWIP;;
ttOrder;3093/M00083;3093/M00083;;;;;;;;;Tradeline Site Solutions;;3;MATS-001;Safety Sign 1200 x 900mm Coreflute - Georgiou Construction Site (with head protection removed);50;EA;3250;3250;;PPPPWIP;;
ttOrder;3093/M00083;3093/M00083;;;;;;;;;Tradeline Site Solutions;;4;MATS-001;Safety Sign 600 x 450mm - This is a Hard Hat Area - etc;30;EA;618;618;;PPPPWIP;;
ttOrder;3093/M00083;3093/M00083;;;;;;;;;Tradeline Site Solutions;;5;MATS-001;Custom Design Magnet A5 - 3093 – TRC Flood Recovery Program – Site Check-in;20;EA;130;130;;PPPPWIP;;
ttOrder;3093/M00083;3093/M00083;;;;;;;;;Tradeline Site Solutions;;6;MATS-001;Custom Sticker 200 x 200mm - Water Extraction;50;EA;140.5;140.5;;PPPPWIP;;
ttOrder;3093/M00083;3093/M00083;;;;;;;;;Tradeline Site Solutions;;7;MATS-001;Custom Sticker 150 x 75mm - Georgiou 3093 Toowoomba Flood Recovery;100;EA;281;281;;PPPPWIP;;
ttOrder;3093/M00084;3093/M00084;3093/M00084;;N;N;Y;18/09/2023;sdonald;IN2001;In2work Pty Ltd;AUD;;;;0;;0;0;;;3093;
ttOrder;3093/M00085;3093/M00085;3093/M00085;;Y;N;Y;19/09/2023;bstormon;RET003;Retracom Holdings Pty Ltd;AUD;1;MATS-001;Ablution Block 4.8x3.1 1F-3M+URINAL PROVISIONAL SUM ONLY;48;EA;6480;0;;PPPPWIP;3093;
ttOrder;3093/M00085;3093/M00085;;;;;;;;;Retracom Holdings Pty Ltd;;2;MATS-001;Landing (Step) 1.2x1.2;48;EA;0;0;;PPPPWIP;;
ttOrder;3093/M00085;3093/M00085;;;;;;;;;Retracom Holdings Pty Ltd;;3;MATS-001;Cleaning Fee (End of Rental) PROVISIONAL SUM ONLY;1;EA;136;0;;PPPPWIP;;
ttOrder;3093/M00085;3093/M00085;;;;;;;;;Retracom Holdings Pty Ltd;;4;MATS-001;Cleaning Fee (End of Rental) WASTE TANK CLEAN PROVISIONAL SUM ONLY;1;EA;58;0;;PPPPWIP;;
ttOrder;3093/M00085;3093/M00085;;;;;;;;;Retracom Holdings Pty Ltd;;5;MATS-001;Pickup Charge PROVISIONAL SUM ONLY;1;EA;625;0;;PPPPWIP;;
ttOrder;3093/M00085;3093/M00085;;;;;;;;;Retracom Holdings Pty Ltd;;6;MATS-001;Delivery Charge PROVISIONAL SUM ONLY;1;EA;625;0;;PPPPWIP;;
ttOrder;3093/M00086;3093/M00086;3093/M00086;;Y;N;Y;18/09/2023;bstormon;MAST09;Master Hire;AUD;1;MATS-001;#147428-01 - 4 Centrifugal Pump CCP4#011 on;1;DAY;126.45;126.45;;8UPV010;3093;Order Complete
ttOrder;3093/M00086;3093/M00086;;;;;;;;;Master Hire;;2;MATS-001;#147428-01 4 Suction hose PUMPSH4-101 on;1;WK;59.5;59.5;;8UPV010;;
ttOrder;3093/M00086;3093/M00086;;;;;;;;;Master Hire;;3;MATS-001;#147428-01 - 4 Foot Valve PUMP4FV-101 on;1;DAY;29.75;29.75;;8UPV010;;
ttOrder;3093/M00086;3093/M00086;;;;;;;;;Master Hire;;4;MATS-001;#147428-01 - 4 Layflat Hose PUMPDH4-101 on;1;DAY;29.75;29.75;;8UPV010;;
ttOrder;3093/M00086;3093/M00086;;;;;;;;;Master Hire;;5;MATS-001;#147428-01 - 4 Layflat Hose PUMPDH4-101;1;DAY;14.87;14.87;;8UPV010;;
ttOrder;3093/M00087;3093/M00087;3093/M00087;;Y;N;Y;20/09/2023;bstormon;MAST09;Master Hire;AUD;1;MATS-001;#147664-01 6PUMP TRAILER MOUNTED SILENCED;4;WK;4400;0;;CDPV010;3093;
ttOrder;3093/M00087;3093/M00087;;;;;;;;;Master Hire;;2;MATS-001;#147664-01 6SUCTION HOSE - 3m-PUMPSH6-101;4;WK;267.76;0;;CDPV010;;
ttOrder;3093/M00087;3093/M00087;;;;;;;;;Master Hire;;3;MATS-001;#147664-01 6DELIVERY HOSE -;4;WK;267.76;0;;CDPV010;;
ttOrder;3093/M00087;3093/M00087;;;;;;;;;Master Hire;;4;MATS-001;#147664-01 6SUCTION STRAINER - PUMP6ST-101;4;WK;119;0;;CDPV010;;
ttOrder;3093/M00088;3093/M00088;3093/M00088;V001;Y;N;Y;21/09/2023;cmacdonald;THE078;THE TRUSTEE FOR BEVELUCK NO 2;AUD;1;MATS-001;1x house furniture;2;EA;5605.44;5605.44;;N031001;3093;Order Complete
ttOrder;3093/M00089;3093/M00089;3093/M00089;;Y;N;Y;21/09/2023;cmacdonald;THE078;THE TRUSTEE FOR BEVELUCK NO 2;AUD;1;MATS-001;4x TV;3400;EA;3400;3090.91;;N002191;3093;Order Complete
ttOrder;3093/M00090;3093/M00090;;;;;;;;;THE TRUSTEE FOR BEVELUCK NO 3;;10;MATS-001;450RCP;14.04;M;1614.6;0;;FKDR050;;
ttOrder;3093/M00090;3093/M00090;;;;;;;;;THE TRUSTEE FOR BEVELUCK NO 4;;11;MATS-001;375RCP;74.88;M;6886.71;0;;FBDR050;;
ttOrder;3093/M00090;3093/M00090;;;;;;;;;THE TRUSTEE FOR BEVELUCK NO 5;;12;MATS-001;357RCP;28.08;M;2582.52;0;;GUDR050;;
ttOrder;3093/M00090;3093/M00090;;;;;;;;;THE TRUSTEE FOR BEVELUCK NO 6;;13;MATS-001;450RCP;9.36;M;1076.4;0;;1QDR050;;
ttOrder;3093/M00090;3093/M00090;;;;;;;;;THE TRUSTEE FOR BEVELUCK NO 7;;14;MATS-001;600RCP;42.12;M;7783.78;0;;FODR050;;
ttOrder;3093/M00090;3093/M00090;;;;;;;;;THE TRUSTEE FOR BEVELUCK NO 8;;15;MATS-001;450RCP;11.7;M;1345.5;0;;FMDR050;;
ttOrder;3093/M00090;3093/M00090;;;;;;;;;THE TRUSTEE FOR BEVELUCK NO 9;;16;MATS-001;450RCP;9.36;M;1076.4;0;;FADR050;;
ttOrder;3093/M00090;3093/M00090;;;;;;;;;THE TRUSTEE FOR BEVELUCK NO 10;;17;MATS-001;Delivery Included In the rates;0;EA;0;0;;GEDR050;;
ttOrder;3093/M00090;3093/M00090;3093/M00090;;Y;N;Y;21/09/2023;bstormon;REIN05;Reinforced Concrete Pipes Aus;AUD;1;MATS-001;375RCP;30.42;M;2797.73;0;;GEDR050;3093;
ttOrder;3093/M00090;3093/M00090;;;;;;;;;Reinforced Concrete Pipes Aus;;2;MATS-001;1200RCP Precast;14.04;M;9001.75;0;;FWDR050;;
ttOrder;3093/M00090;3093/M00090;;;;;;;;;Reinforced Concrete Pipes Aus;;3;MATS-001;1050RCP Precast;28.08;EA;14195.84;0;;FWDR050;;
ttOrder;3093/M00090;3093/M00090;;;;;;;;;Reinforced Concrete Pipes Aus;;4;MATS-001;375RCP;9.36;M;860.84;0;;FHDR050;;
ttOrder;3093/M00090;3093/M00090;;;;;;;;;Reinforced Concrete Pipes Aus;;5;MATS-001;750RCP (CH930) (number of pipes required x;37.44;M;11587.68;0;;FQDR050;;
ttOrder;3093/M00090;3093/M00090;;;;;;;;;Reinforced Concrete Pipes Aus;;6;MATS-001;900RCP;35.1;M;0;0;;FEDR050;;
ttOrder;3093/M00090;3093/M00090;;;;;;;;;Reinforced Concrete Pipes Aus;;7;MATS-001;375RCP;23.4;M;2152.1;0;;FNDR050;;
ttOrder;3093/M00090;3093/M00090;;;;;;;;;Reinforced Concrete Pipes Aus;;8;MATS-001;450RCP;14.04;M;1614.6;0;;FNDR050;;
ttOrder;3093/M00090;3093/M00090;;;;;;;;;Reinforced Concrete Pipes Aus;;9;MATS-001;375RCP;11.7;M;1076.05;0;;FTDR050;;
ttOrder;3093/M00091;3093/M00091;3093/M00091;;Y;N;Y;21/09/2023;cmacdonald;MED002;Mediaform Pty Ltd;AUD;1;MATS-001;Monitors;9;EA;1519.2;1519.2;;N002191;3093;
ttOrder;3093/M00091;3093/M00091;;;;;;;;;Mediaform Pty Ltd;;2;MATS-001;Docks;6;EA;1320;0;;N002191;;
ttOrder;3093/M00091;3093/M00091;;;;;;;;;Mediaform Pty Ltd;;3;MATS-001;Meetup camera;2;EA;2736;0;;N002191;;
ttOrder;3093/M00092;3093/M00092;3093/M00092;;Y;N;Y;21/09/2023;cmacdonald;EUR006;Europcar VIC;AUD;1;MATS-001;Rental car;1389.55;EA;1389.55;1389.55;;N002110;3093;Order Complete
ttOrder;3093/M00093;3093/M00093;3093/M00093;;Y;N;Y;22/09/2023;cmacdonald;MYC001;MyCar Tyre and Auto;AUD;1;MATS-001;Tire repair;500;EA;500;31.8;;N002110;3093;
ttOrder;3093/M00094;3093/M00094;3093/M00094;;Y;N;Y;25/09/2023;bstormon;REA001;Reali Supply;AUD;1;MATS-001;Cotton Drill Cargo Pants - Navy;3;EA;93.63;93.63;;N003001;3093;Order Complete
ttOrder;3093/M00094;3093/M00094;;;;;;;;;Reali Supply;;2;MATS-001;Men's Lightweight Taped Two Tone Long Sleeve Shirt - Yellow/Navy;5;EA;168.65;168.65;;N003001;;
ttOrder;3093/M00094;3093/M00094;;;;;;;;;Reali Supply;;3;MATS-001;Vented Hard Hat Type 1 with Georgiou Pad Print;1;EA;13.82;13.82;;N003001;;
ttOrder;3093/M00094;3093/M00094;;;;;;;;;Reali Supply;;4;MATS-001;Hi Vis Soft Shell Jacket with 3M Tape;1;EA;80.75;80.72;;N003001;;
ttOrder;3093/M00095;3093/M00095;3093/M00095;;Y;N;Y;26/09/2023;bstormon;PRE021;PRECISION SERVICE LOCATING PT;AUD;1;MATS-001;VAC truck 3.5>6KL;560;EA;112000;0;;EYDR005;3093;
ttOrder;3093/M00095;3093/M00095;;;;;;;;;PRECISION SERVICE LOCATING PT;;2;MATS-001;VAC truck 6Kl;200;EA;43000;0;;EYDR005;;
ttOrder;3093/M00095;3093/M00095;;;;;;;;;PRECISION SERVICE LOCATING PT;;3;MATS-001;Service Locator;280;EA;43400;0;;EYDR005;;
ttOrder;3093/M00095;3093/M00095;;;;;;;;;PRECISION SERVICE LOCATING PT;;4;MATS-001;VAC truck Tip Fees;280;EA;5600;0;;EYDR005;;
ttOrder;3093/M00095;3093/M00095;;;;;;;;;PRECISION SERVICE LOCATING PT;;5;MATS-001;Additional labour;200;EA;22000;0;;EYDR005;;
ttOrder;3093/M00095;3093/M00095;;;;;;;;;PRECISION SERVICE LOCATING PT;;6;MATS-001;Admin Fee;1000;EA;1000;0;;EYDR005;;
ttOrder;3093/M00096;3093/M00096;3093/M00096;V001;Y;N;Y;11/10/2023;bstormon;JAS002;Jasmond Transport Pty Ltd;AUD;1;PLAN-001;Tandems (13 tonne);0;HR;0;0;;FBDR051;3093;
ttOrder;3093/M00096;3093/M00096;;;;;;;;;Jasmond Transport Pty Ltd;;2;PLAN-001;Twin Steers (18 tonne);160.25;HR;20832.5;20832.5;;FBDR051;;
ttOrder;3093/M00096;3093/M00096;;;;;;;;;Jasmond Transport Pty Ltd;;3;PLAN-001;Truck and Dogs (29 tonne);0;HR;0;0;;FBDR051;;
ttOrder;3093/M00096;3093/M00096;;;;;;;;;Jasmond Transport Pty Ltd;;4;PLAN-001;Truck and Dogs (33 tonne);0;HR;0;0;;FBDR051;;
ttOrder;3093/M00096;3093/M00096;;;;;;;;;Jasmond Transport Pty Ltd;;5;PLAN-001;Truck and PBS Dogs (38 tonne);0;HR;0;0;;FBDR051;;
ttOrder;3093/M00097;3093/M00097;3093/M00097;;Y;N;Y;26/09/2023;bstormon;CIV014;Civilmart;AUD;1;MATS-001;Old Homebush Road;4;EA;2436;0;;FBDR051;3093;
ttOrder;3093/M00097;3093/M00097;;;;;;;;;Civilmart;;2;MATS-001;Meringandan Shirley Road;2;EA;4900;0;;FBDR051;;
ttOrder;3093/M00097;3093/M00097;;;;;;;;;Civilmart;;3;MATS-001;Eric Road;2;EA;1218;0;;FBDR051;;
ttOrder;3093/M00097;3093/M00097;;;;;;;;;Civilmart;;4;MATS-001;Gowrie Little Placeain;4;EA;2436;0;;FBDR051;;
ttOrder;3093/M00097;3093/M00097;;;;;;;;;Civilmart;;5;MATS-001;450RCP Precast Headwall (CH10);2;EA;1384;0;;FBDR051;;
ttOrder;3093/M00097;3093/M00097;;;;;;;;;Civilmart;;6;MATS-001;Linora Drive;2;EA;1218;0;;FBDR051;;
ttOrder;3093/M00097;3093/M00097;;;;;;;;;Civilmart;;7;MATS-001;Glencoe Yalangur Road;2;EA;1384;0;;FBDR051;;
ttOrder;3093/M00097;3093/M00097;;;;;;;;;Civilmart;;8;MATS-001;Kingsthorpe Silverleigh;2;EA;1384;0;;FBDR051;;
ttOrder;3093/M00097;3093/M00097;;;;;;;;;Civilmart;;9;MATS-001;Gowrie Lilyvale Road;2;EA;1384;0;;FBDR051;;
ttOrder;3093/M00097;3093/M00097;;;;;;;;;Civilmart;;10;MATS-001;Bischoffs Road;2;EA;1384;0;;FBDR051;;
ttOrder;3093/M00098;3093/M00098;3093/M00098;;Y;N;Y;26/09/2023;bstormon;MOT004;Mottley Civil Pty Ltd;AUD;1;MATS-001;Grader;546.69;EA;117538.35;0;;1LPV011;3093;
ttOrder;3093/M00098;3093/M00098;;;;;;;;;Mottley Civil Pty Ltd;;2;MATS-001;Roller - Smooth drum or pad foot - 12 ton;446.89;EA;49157.46;0;;1LPV011;;
ttOrder;3093/M00098;3093/M00098;;;;;;;;;Mottley Civil Pty Ltd;;3;MATS-001;Roller - multi tyre - 18-20 ton;744.81;EA;81929.1;0;;1LPV011;;
ttOrder;3093/M00098;3093/M00098;;;;;;;;;Mottley Civil Pty Ltd;;4;MATS-001;Truck - Semi Side Tipper - 22-24 payload;1087.81;EA;201244.67;0;;1LPV011;;
ttOrder;3093/M00098;3093/M00098;;;;;;;;;Mottley Civil Pty Ltd;;5;MATS-001;Water cart - rigid - 10-12 KL;356.88;EA;44610;0;;1LPV011;;
ttOrder;3093/M00098;3093/M00098;;;;;;;;;Mottley Civil Pty Ltd;;6;MATS-001;General Labour;500;EA;32500;0;;1LPV011;;
ttOrder;3093/M00098;3093/M00098;;;;;;;;;Mottley Civil Pty Ltd;;7;MATS-001;23T Loader;192.77;EA;32771.67;0;;1LPV011;;
ttOrder;3093/M00099;3093/M00099;3093/M00099;;Y;N;Y;26/09/2023;ajeffery;EUR003;Europcar WA;AUD;1;MATS-001;Hire dual cab 4x4 while V442 is repaired;1;EA;600;0;;N002110;3093;Order Complete
ttOrder;3093/M00101;3093/M00101;3093/M00101;;Y;N;Y;27/09/2023;cmacdonald;TRAD10;Tradeline Site Solutions;AUD;1;MATS-001;Safety Flags - BLUE Bunting - 30m;17;EA;259.6;259.6;;N003001;3093;Order Complete
ttOrder;3093/M00101;3093/M00101;;;;;;;;;Tradeline Site Solutions;;2;MATS-001;DYMARK Spray and Mark Layout Paint;48;EA;318.73;318.73;;N003001;;
ttOrder;3093/M00101;3093/M00101;;;;;;;;;Tradeline Site Solutions;;3;MATS-001;Flagging Tape 25mm x 100m - Pink;10;EA;63.83;63.83;;N003001;;
ttOrder;3093/M00101;3093/M00101;;;;;;;;;Tradeline Site Solutions;;4;MATS-001;Flagging Tape 25mm x 100m - Blue;10;EA;63.83;63.83;;N003001;;
ttOrder;3093/M00101;3093/M00101;;;;;;;;;Tradeline Site Solutions;;5;MATS-001;Delivery - Regional;1;EA;32.9;32.9;;N003001;;
ttOrder;3093/M00102;3093/M00102;3093/M00102;;Y;N;Y;27/09/2023;cmacdonald;RED001;Red Leaf Projects Pty Ltd;AUD;1;LABR-001;Fauna Spotter catcher;20;HR;2500;0;;N001903;3093;
ttOrder;3093/M00102;3093/M00102;;;;;;;;;Red Leaf Projects Pty Ltd;;2;LABR-001;Reporting (pre-clearance  certification/post;20;HR;2500;0;;N001903;;
ttOrder;3093/M00102;3093/M00102;;;;;;;;;Red Leaf Projects Pty Ltd;;3;PLAN-001;Vehicle – from nearest Redleaf Office;150;KM;187.5;0;;N001903;;
ttOrder;3093/M00102;3093/M00102;;;;;;;;;Red Leaf Projects Pty Ltd;;4;LABR-001;Flora survey for invasive species within;10;HR;1700;0;;N001903;;
ttOrder;3093/M00103;3093/M00103;3093/M00103;;Y;N;Y;27/09/2023;bstormon;DSWO01;DS Workwear;AUD;1;MATS-001;Cool L/weight C/drill Pant Navy 94L;5;EA;114.75;114.75;;N003001;3093;Order Complete
ttOrder;3093/M00103;3093/M00103;;;;;;;;;DS Workwear;;2;MATS-001;Bisley Softshell Jacket Hi Vis Y/N Taped XL;1;EA;60.62;60.62;;N003001;;
ttOrder;3093/M00103;3093/M00103;;;;;;;;;DS Workwear;;3;MATS-001;Canvas Sun Hat Navy C/w Flap/Toggle Lge;20;EA;162.8;162.73;;N003001;;
ttOrder;3093/M00103;3093/M00103;;;;;;;;;DS Workwear;;4;MATS-001;Embroidery;1;EA;4.14;4.13;;N003001;;
ttOrder;3093/M00103;3093/M00103;;;;;;;;;DS Workwear;;5;MATS-001;Delivery;1;EA;25;25;;N003001;;
ttOrder;3093/M00104;3093/M00104;3093/M00104;;Y;N;Y;27/09/2023;cmacdonald;TRAD10;Tradeline Site Solutions;AUD;1;MATS-001;Safety Sign 1200 x 900mm Coreflute - Reverse;10;EA;800;800;;N003001;3093;Order Complete
ttOrder;3093/M00104;3093/M00104;;;;;;;;;Tradeline Site Solutions;;2;MATS-001;Permanent Marker - Bullet Point - Black;60;EA;237.76;237.76;;N003001;;
ttOrder;3093/M00104;3093/M00104;;;;;;;;;Tradeline Site Solutions;;3;MATS-001;Dy-Mark iFine Permanent Marker Pen - Black;50;EA;186.35;186.35;;N003001;;
ttOrder;3093/M00104;3093/M00104;;;;;;;;;Tradeline Site Solutions;;4;MATS-001;Delivery - Regional;1;EA;32.9;32.9;;N003001;;
ttOrder;3093/M00105;3093/M00105;3093/M00105;;Y;N;Y;27/09/2023;cmacdonald;ALCO01;Alcolizer Technology;AUD;1;MATS-001;HH3 Alcohol Tester (AS3547:2019) 12 Month Cal;6;EA;4412.25;4412.25;;N003001;3093;Order Complete
ttOrder;3093/M00105;3093/M00105;;;;;;;;;Alcolizer Technology;;2;MATS-001;StarTrack 5KG Box Delivery;1;EA;35;35;;N003001;;
ttOrder;3093/M00106;3093/M00106;3093/M00106;V001;Y;N;Y;09/10/2023;bstormon;DOV001;Dove Hygiene Pty Ltd;AUD;1;MATS-001;2x sanitary bins;12;EA;600;600;;N002101;3093;
ttOrder;3093/M00106;3093/M00106;;;;;;;;;Dove Hygiene Pty Ltd;;2;MATS-001;2x Sanitary Bins;11;EA;6600;0;;N002101;;
ttOrder;3093/M00107;3093/M00107;3093/M00107;;Y;N;Y;28/09/2023;bstormon;TRAD10;Tradeline Site Solutions;AUD;1;MATS-001;Custom Design Sign A2 (420 x 594m) Corflute;20;EA;412;412;;N002101;3093;Order Complete
ttOrder;3093/M00107;3093/M00107;;;;;;;;;Tradeline Site Solutions;;2;MATS-001;Delivery - Regional;1;EA;32.9;32.9;;N002101;;
ttOrder;3093/M00108;3093/M00108;3093/M00108;;Y;N;Y;28/09/2023;bstormon;WORM04;Wormald Fire Systems;AUD;1;MATS-001;PORTABLE FIRE EQUIPMENT SUPPLY AND INSTALL;1;EA;1803;0;;N003001;3093;
ttOrder;3093/M00108;3093/M00108;;;;;;;;;Wormald Fire Systems;;2;MATS-001;DEPOT AND VEHICLE SPILL KITS SUPPLIED;1;EA;1092.13;0;;N003001;;
ttOrder;3093/M00108;3093/M00108;;;;;;;;;Wormald Fire Systems;;3;MATS-001;EVACUATION DIAGRAMS SUPPLIED AND INSTALLED;1;EA;1020;0;;N003001;;
ttOrder;3093/M00108;3093/M00108;;;;;;;;;Wormald Fire Systems;;4;MATS-001;EXIT SIGNAGE  EMERGENCY ASSEMBLY POINT SIGN;1;EA;178.61;0;;N003001;;
ttOrder;3093/M00109;3093/M00109;3093/M00109;;Y;N;Y;29/09/2023;bstormon;JIM011;Jim's Cleaning (Toowoomba Eas;AUD;1;MATS-001;First clean of the site office;1;EA;898.18;898.18;;N002101;3093;Order Complete
ttOrder;3093/M00109;3093/M00109;;;;;;;;;Jim's Cleaning (Toowoomba Eas;;2;MATS-001;7 days of cleaning;1;EA;859.09;859.09;;N002101;;
ttOrder;3093/M00110;3093/M00110;3093/M00110;;Y;N;Y;01/08/2023;bstormon;PROT06;Protech Personnel - QLD;AUD;1;MATS-001;CW3 Civil Labourer @ Ordinary Time;2500;HRS;129075;23708.5;;N001020;3093;
ttOrder;3093/M00110;3093/M00110;;;;;;;;;Protech Personnel - QLD;;2;MATS-001;CW3 Civil Labourer @ 1.5;1000;HRS;65480;5886.64;;N001020;;
ttOrder;3093/M00110;3093/M00110;;;;;;;;;Protech Personnel - QLD;;3;MATS-001;CW3 Civil Labourer @ 2;500;HRS;42095;2917.18;;N001020;;
ttOrder;3093/M00110;3093/M00110;;;;;;;;;Protech Personnel - QLD;;4;MATS-001;CW3 Civil Labourer Meal Allowance (Paid at 1.;250;EA;6750;999;;N001020;;
ttOrder;3093/M00110;3093/M00110;;;;;;;;;Protech Personnel - QLD;;5;MATS-001;CW3 Civil Labourer Travel (Paid Daily));250;EA;11867.5;2943.15;;N001020;;
ttOrder;3093/M00111;3093/M00111;3093/M00111;;Y;N;Y;29/09/2023;bstormon;TRAD10;Tradeline Site Solutions;AUD;1;MATS-001;[PEG502512-P] Hardwood Peg 50 x 25 x 1200mm Painted (ea/10bundle);300;EA;1797;0;;PPPPWIP;3093;
ttOrder;3093/M00111;3093/M00111;;;;;;;;;Tradeline Site Solutions;;2;MATS-001;[PAINTPENP10BK] Paint Marker Pen P10 - Black (ea/12 Box);100;EA;540.86;0;;PPPPWIP;;
ttOrder;3093/M00111;3093/M00111;;;;;;;;;Tradeline Site Solutions;;3;MATS-001;[ARTLINECHISBK] Permanent Marker - 12mm Chisel Nib - Black (ea/6 in a box;40;EA;412.8;0;;PPPPWIP;;
ttOrder;3093/M00111;3093/M00111;;;;;;;;;Tradeline Site Solutions;;4;MATS-001;[SMP350W] DYMARK Spray and Mark Layout Paint; White 350gram (ea/12box);120;EA;796.82;0;;PPPPWIP;;
ttOrder;3093/M00111;3093/M00111;;;;;;;;;Tradeline Site Solutions;;5;MATS-001;[SMP350BL] DYMARK Spray and Mark Layout Paint; Blue 350gram (ea/12box);120;EA;796.82;0;;PPPPWIP;;
ttOrder;3093/M00111;3093/M00111;;;;;;;;;Tradeline Site Solutions;;6;MATS-001;[SMP350FPK] DYMARK Spray and Mark Layout Paint; Fluro Pink 350gram (ea/12box);120;EA;796.82;0;;PPPPWIP;;
ttOrder;3093/M00111;3093/M00111;;;;;;;;;Tradeline Site Solutions;;7;MATS-001;[FLAGTAPEOR] Flagging Tape 25mm x 100m - Orange;30;EA;139.2;0;;PPPPWIP;;
ttOrder;3093/M00111;3093/M00111;;;;;;;;;Tradeline Site Solutions;;8;MATS-001;[FLAGTAPEBL] Flagging Tape 25mm x 100m - Blue;30;EA;139.2;0;;PPPPWIP;;
ttOrder;3093/M00111;3093/M00111;;;;;;;;;Tradeline Site Solutions;;9;MATS-001;[FLAGTAPEY] Flagging Tape 25mm x 100m - Yellow;30;EA;139.2;0;;PPPPWIP;;
ttOrder;3093/M00111;3093/M00111;;;;;;;;;Tradeline Site Solutions;;10;MATS-001;[FLAGTAPEPK] Flagging Tape 25mm x 100m - Pink;30;EA;139.2;0;;PPPPWIP;;
ttOrder;3093/M00111;3093/M00111;;;;;;;;;Tradeline Site Solutions;;11;MATS-001;[SHOVEL1] Square Mouth Shovel - 'D' Handle - 39 - White;5;EA;80.33;0;;PPPPWIP;;
ttOrder;3093/M00111;3093/M00111;;;;;;;;;Tradeline Site Solutions;;12;MATS-001;[SHOVEL13] Post Hole Shovel Fibreglass Handle;5;EA;160;0;;PPPPWIP;;
ttOrder;3093/M00111;3093/M00111;;;;;;;;;Tradeline Site Solutions;;13;MATS-001;[LUMPH1] Lump Club Hammer - Fibreglass Handle - 3LB;5;EA;114.44;0;;PPPPWIP;;
ttOrder;3093/M00111;3093/M00111;;;;;;;;;Tradeline Site Solutions;;14;MATS-001;[ROADBROOM] Yard/Bitumen Road Broom 350mm (73351);5;EA;198.9;0;;PPPPWIP;;
ttOrder;3093/M00111;3093/M00111;;;;;;;;;Tradeline Site Solutions;;15;MATS-001;[TX677QP] GME Quad Pack 2 Watt UHF CB Handheld Radios inc cig charger  240V charger  belt clips;4;EA;1952.52;0;;PPPPWIP;;
ttOrder;3093/M00111;3093/M00111;;;;;;;;;Tradeline Site Solutions;;16;MATS-001;Delivery - Regional;1;EA;32.9;0;;PPPPWIP;;
ttOrder;3093/M00112;3093/M00112;3093/M00112;;Y;N;Y;29/09/2023;bstormon;DSWO01;DS Workwear;AUD;1;MATS-001;Mens L/weight Y/N L/Sl Shirt Taped XL;3;EA;91.5;91.5;;N003001;3093;Order Complete
ttOrder;3093/M00112;3093/M00112;;;;;;;;;DS Workwear;;2;MATS-001;Embroidery;6;EA;24.84;24.84;;N003001;;
ttOrder;3093/M00112;3093/M00112;;;;;;;;;DS Workwear;;3;MATS-001;D elivery;1;EA;22.73;22.71;;N003001;;
ttOrder;3093/M00113;3093/M00113;3093/M00113;V001;Y;N;Y;09/10/2023;bstormon;MYC001;MyCar Tyre and Auto;AUD;1;MATS-001;Tire repair;106.2;EA;106.2;96.54;;N002110;3093;Order Complete
ttOrder;3093/M00114;3093/M00114;3093/M00114;;Y;N;Y;05/10/2023;cmacdonald;TRAD10;Tradeline Site Solutions;AUD;1;MATS-001;[SIGNMM6060] Multi Message Sign 600 x 600mm;50;EA;1900;1900;;N0TM001;3093;Order Complete
ttOrder;3093/M00114;3093/M00114;;;;;;;;;Tradeline Site Solutions;;2;MATS-001;[SIGNMM6060] Multi Message Sign 600 x 600mm;50;EA;3150;3150;;N0TM001;;
ttOrder;3093/M00114;3093/M00114;;;;;;;;;Tradeline Site Solutions;;3;MATS-001;[SIGNMM1230] Multi Message Sign 1200 x 300mm;50;EA;1900;1900;;N0TM001;;
ttOrder;3093/M00114;3093/M00114;;;;;;;;;Tradeline Site Solutions;;4;MATS-001;[SIGNCUST] Custom Design Sign - Magnetic;100;EA;1875;1875;;N0TM001;;
ttOrder;3093/M00114;3093/M00114;;;;;;;;;Tradeline Site Solutions;;5;MATS-001;[SIGNMMF] Multi Message Sign Frame - Black;50;EA;2087.5;2087.5;;N0TM001;;
ttOrder;3093/M00114;3093/M00114;;;;;;;;;Tradeline Site Solutions;;6;MATS-001;Safety Sign Bi Pod Multi Message Leg Only (1);100;EA;1900;1900;;N0TM001;;
ttOrder;3093/M00114;3093/M00114;;;;;;;;;Tradeline Site Solutions;;7;MATS-001;Delivery - Regional;1;EA;32.9;32.9;;N0TM001;;
ttOrder;3093/M00115;3093/M00115;3093/M00115;;Y;N;Y;05/10/2023;cmacdonald;AUST62;Australian Laboratory Service;AUD;1;MATS-001;2 Waters – weekly for first month then 1-2;4000;EA;4000;0;;N001903;3093;
ttOrder;3093/M00116;3093/M00116;3093/M00116;;Y;N;Y;05/10/2023;cmacdonald;TOT016;Total Tools Commercial Pty Lt;AUD;1;MATS-001;Pipe Laser  Hammer Drill  Other Item for Pipe Works;3657;EA;3657;3324.54;;N003001;3093;
ttOrder;3093/M00117;3093/M00117;3093/M00117;V001;N;N;Y;06/10/2023;bstormon;BORA08;Boral Resources (QLD);AUD;1;MATS-001;Lean Mix /Flowable Fill;57.2;M3;10793.64;0;;45DR050;3093;
ttOrder;3093/M00117;3093/M00117;;;;;;;;;Boral Resources (QLD);;2;MATS-001;N32/20 concrete (boral ave $236 + haul ave;635.68;M3;152372.5;0;;45DR050;;
ttOrder;3093/M00117;3093/M00117;;;;;;;;;Boral Resources (QLD);;3;MATS-001;25MPa Blinding (20MPa on site);120.18;M3;23278.87;0;;45DR050;;
ttOrder;3093/M00117;3093/M00117;;;;;;;;;Boral Resources (QLD);;4;MATS-001;320kg/m3 Kerb Machine Mix TMR Road Authority;4.5;M3;880.65;0;;45DR050;;
ttOrder;3093/M00117;3093/M00117;;;;;;;;;Boral Resources (QLD);;5;MATS-001;Cartage Fees @ $1.50;34411.37;EA;34411.37;0;;45DR050;;
ttOrder;3093/M00117;3093/M00117;;;;;;;;;Boral Resources (QLD);;6;MATS-001;TMR Stabilised Sand MRTS04 12:1 Sand to GP;0;M3;0;0;;45DR050;;
ttOrder;3093/M00117;3093/M00117;;;;;;;;;Boral Resources (QLD);;7;MATS-001;TMR Dry Stabilised Sand MRTS04 12:1 Sand to;0;M3;0;0;;45DR050;;
ttOrder;3093/M00117;3093/M00117;;;;;;;;;Boral Resources (QLD);;8;MATS-001;S50/20/100 TMR Road Authority Mix MRTS70;0;M3;0;0;;45DR050;;
ttOrder;3093/M00117;3093/M00117;;;;;;;;;Boral Resources (QLD);;9;MATS-001;S40/10/60 TMR Road Authority Mix;0;M3;0;0;;45DR050;;
ttOrder;3093/M00117;3093/M00117;;;;;;;;;Boral Resources (QLD);;10;MATS-001;20mm TMR Road Authority No Fines Concrete to;0;M3;0;0;;45DR050;;
ttOrder;3093/M00117;3093/M00117;;;;;;;;;Boral Resources (QLD);;11;MATS-001;Retarder Low Dose;0;M3;0;0;;45DR050;;
ttOrder;3093/M00117;3093/M00117;;;;;;;;;Boral Resources (QLD);;12;MATS-001;Retarder Medium Dose;0;M3;0;0;;45DR050;;
ttOrder;3093/M00117;3093/M00117;;;;;;;;;Boral Resources (QLD);;13;MATS-001;Retarder Large Dose;0;M3;0;0;;45DR050;;
ttOrder;3093/M00117;3093/M00117;;;;;;;;;Boral Resources (QLD);;14;MATS-001;Waiting time on site per minute;0;EA;0;0;;45DR050;;
ttOrder;3093/M00117;3093/M00117;;;;;;;;;Boral Resources (QLD);;15;MATS-001;Waiting time on site outside normal hours;0;EA;0;0;;45DR050;;
ttOrder;3093/M00117;3093/M00117;;;;;;;;;Boral Resources (QLD);;16;MATS-001;Minimum load charges (under 3m3);0;M3;0;0;;45DR050;;
ttOrder;3093/M00117;3093/M00117;;;;;;;;;Boral Resources (QLD);;17;MATS-001;Washout if using retarders  fibres etc.;0;EA;0;0;;45DR050;;
ttOrder;3093/M00117;3093/M00117;;;;;;;;;Boral Resources (QLD);;18;MATS-001;Plant Operating Fee Outside Hours;0;EA;0;0;;45DR050;;
ttOrder;3093/M00117;3093/M00117;;;;;;;;;Boral Resources (QLD);;19;MATS-001;Surcharges per m3 out of hours - Mon to Fr;0;EA;0;0;;45DR050;;
ttOrder;3093/M00117;3093/M00117;;;;;;;;;Boral Resources (QLD);;20;MATS-001;Surcharges per m3 Saturday outside normal;0;EA;0;0;;45DR050;;
ttOrder;3093/M00117;3093/M00117;;;;;;;;;Boral Resources (QLD);;21;MATS-001;Surcharges per m3 Saturday outside normal;0;M3;0;0;;45DR050;;
ttOrder;3093/M00117;3093/M00117;;;;;;;;;Boral Resources (QLD);;22;MATS-001;Surcharges per m3 Sunday  Saturday night ;0;M3;0;0;;45DR050;;
ttOrder;3093/M00117;3093/M00117;;;;;;;;;Boral Resources (QLD);;23;MATS-001;Cancellation fees < 50m3;0;EA;0;0;;45DR050;;
ttOrder;3093/M00117;3093/M00117;;;;;;;;;Boral Resources (QLD);;24;MATS-001;Cancellation fees > 50m3;0;EA;0;0;;45DR050;;
ttOrder;3093/M00118;3093/M00118;3093/M00118;;Y;N;Y;05/10/2023;bstormon;INF002;Infrabuild Construction Solut;AUD;1;MATS-001;REO BAR including cartage;100.95;TN;187767;0;;45DR050;3093;
ttOrder;3093/M00118;3093/M00118;;;;;;;;;Infrabuild Construction Solut;;2;MATS-001;REO HWARE;100.95;TN;6057;0;;45DR050;;
ttOrder;3093/M00118;3093/M00118;;;;;;;;;Infrabuild Construction Solut;;3;MATS-001;Delivery on ground to Oakey;20;EA;7000;0;;45DR050;;
ttOrder;3093/M00119;3093/M00119;3093/M00119;;Y;N;Y;05/10/2023;cmacdonald;OFFI10;Officeworks Superstores P/L;AUD;1;MATS-001;Tablets x2;1;EA;3449.1;3449.1;;N002101;3093;Order Complete
ttOrder;3093/M00119;3093/M00119;;;;;;;;;Officeworks Superstores P/L;;2;MATS-001;cases x2;1;EA;270.9;270.9;;N002101;;
ttOrder;3093/M00119;3093/M00119;;;;;;;;;Officeworks Superstores P/L;;3;MATS-001;Whiteout;1;EA;13.64;13.64;;N002101;;
ttOrder;3093/M00120;3093/M00120;3093/M00120;;Y;N;Y;06/10/2023;bstormon;JOBF01;Jobfit Health Group Pty Ltd;AUD;1;MATS-001;Matt Gesler - Full Medical;1;EA;667;0;;N003001;3093;
ttOrder;3093/M00121;3093/M00121;3093/M00121;;Y;N;Y;06/10/2023;cmacdonald;BUNN04;Bunnings - QLD;AUD;1;MATS-001;Misc items;500;EA;500;0;;N003001;3093;
ttOrder;3093/M00122;3093/M00122;3093/M00122;;Y;N;Y;06/10/2023;bstormon;GLOB04;Global Synthetics Pty Ltd;AUD;1;MATS-001;Geotextile Class D - Culvert Works;24682;M2;36529.36;0;;13DR050;3093;
ttOrder;3093/M00122;3093/M00122;;;;;;;;;Global Synthetics Pty Ltd;;2;MATS-001;Delivery;6;EA;2040;0;;13DR050;;
ttOrder;3093/M00123;3093/M00123;3093/M00123;;Y;N;Y;06/10/2023;bstormon;JOBF01;Jobfit Health Group Pty Ltd;AUD;1;MATS-001;Jobfit Basic Medical - Jordan Benny;251;EA;251;243;;N008003;3093;
ttOrder;3093/M00124;3093/M00124;3093/M00124;;Y;N;Y;09/10/2023;bstormon;PAT004;Pathtech Pty Ltd;AUD;1;MATS-001;Saliva Detection Device DrugWipe 6S;25;EA;862.5;0;;N003001;3093;
ttOrder;3093/M00124;3093/M00124;;;;;;;;;Pathtech Pty Ltd;;2;MATS-001;Quick Reference Guide;4;EA;0;0;;N003001;;
ttOrder;3093/M00124;3093/M00124;;;;;;;;;Pathtech Pty Ltd;;3;MATS-001;Freight Charge;1;EA;59.95;0;;N003001;;
ttOrder;3093/M00125;3093/M00125;3093/M00125;;Y;N;Y;10/10/2023;cmacdonald;ARTC01;Artcraft Pty Ltd;AUD;1;MATS-001;Road Edge Guide Post - Standard (Brimblecombe Road);16;EA;274.08;0;;FBFN001;3093;
ttOrder;3093/M00125;3093/M00125;;;;;;;;;Artcraft Pty Ltd;;2;MATS-001;Road Edge Guide Post - Standard (Bischofs Road);2;EA;34.26;0;;FAFN001;;
ttOrder;3093/M00125;3093/M00125;;;;;;;;;Artcraft Pty Ltd;;3;MATS-001;Road Edge Guide Post - Standard (Garskes Road);16;EA;274.08;0;;FJFN001;;
ttOrder;3093/M00125;3093/M00125;;;;;;;;;Artcraft Pty Ltd;;4;MATS-001;Road Edge Guide Post - Standard (Gowrie Little Placeain Road);12;EA;205.56;0;;FNFN001;;
ttOrder;3093/M00125;3093/M00125;;;;;;;;;Artcraft Pty Ltd;;5;MATS-001;Road Edge Guide Post - Standard (Jannusch Road);8;EA;137.04;0;;FQFN001;;
ttOrder;3093/M00125;3093/M00125;;;;;;;;;Artcraft Pty Ltd;;6;MATS-001;Road Edge Guide Post - Standard (Kingsthorpe Silverleigh Road);2;EA;34.26;0;;FSFN001;;
ttOrder;3093/M00125;3093/M00125;;;;;;;;;Artcraft Pty Ltd;;7;MATS-001;Road Edge Guide Post - Standard (Linora Drive);2;EA;34.26;0;;FTFN001;;
ttOrder;3093/M00125;3093/M00125;;;;;;;;;Artcraft Pty Ltd;;8;MATS-001;Road Edge Guide Post - Standard (Reis Road);10;EA;171.3;0;;GOFN001;;
ttOrder;3093/M00125;3093/M00125;;;;;;;;;Artcraft Pty Ltd;;9;MATS-001;Road Edge Guide Post - Standard (Old Homebush);6;EA;102.78;0;;GEFN001;;
ttOrder;3093/M00125;3093/M00125;;;;;;;;;Artcraft Pty Ltd;;10;MATS-001;Freight;1;EA;100;0;;FJFN001;;
ttOrder;3093/M00126;3093/M00126;3093/M00126;;Y;N;Y;09/10/2023;bstormon;VER004;Verifact Traffic Pty Ltd;AUD;1;MATS-001;Traffic Control @ 1;10058.35;EA;451921.45;0;;N0TM001;3093;
ttOrder;3093/M00126;3093/M00126;;;;;;;;;Verifact Traffic Pty Ltd;;2;MATS-001;Traffic Control @ 1.5;3126.13;EA;200853.85;0;;N0TM001;;
ttOrder;3093/M00126;3093/M00126;;;;;;;;;Verifact Traffic Pty Ltd;;3;MATS-001;Traffic Control @ 2;1227.41;EA;100426.69;0;;N0TM001;;
ttOrder;3093/M00126;3093/M00126;;;;;;;;;Verifact Traffic Pty Ltd;;4;MATS-001;Traffic Control @ Weekend;981.93;EA;80341.51;0;;N0TM001;;
ttOrder;3093/M00126;3093/M00126;;;;;;;;;Verifact Traffic Pty Ltd;;5;MATS-001;Traffic Control Vehicle with Message Board;2004.53;EA;50213.48;0;;N0TM001;;
ttOrder;3093/M00126;3093/M00126;;;;;;;;;Verifact Traffic Pty Ltd;;6;MATS-001;Traffic Control Vehicle with Variable;1442.5;EA;50213.43;0;;N0TM001;;
ttOrder;3093/M00126;3093/M00126;;;;;;;;;Verifact Traffic Pty Ltd;;7;MATS-001;Establishment per person per day;692.12;EA;20085.32;0;;N0TM001;;
ttOrder;3093/M00126;3093/M00126;;;;;;;;;Verifact Traffic Pty Ltd;;8;MATS-001;Meal Allowance on or after 9.5 hrs worked;1963;EA;50213.54;0;;N0TM001;;
ttOrder;3093/M00127;3093/M00127;3093/M00127;;Y;N;Y;09/10/2023;cmacdonald;MAST09;Master Hire;AUD;1;MATS-001;PETROL BRUSHCUTTER  & METAL BLADE ON HIRE;1;DAY;41.32;41.32;;N002101;3093;Order Complete
ttOrder;3093/M00127;3093/M00127;;;;;;;;;Master Hire;;2;MATS-001;POLE CHAINSAW 2 STROKE & SAFETY PACK;1;DAY;90.91;90.91;;N002101;;
ttOrder;3093/M00128;3093/M00128;3093/M00128;V001;Y;N;Y;11/10/2023;bstormon;SYD008;Sydney Tools;AUD;1;MATS-001;134840 - Bayer Honda Powered GX35 Petrol Post Driver With 4 Adaptors BHPPD GP No:134840;1;EA;1227.27;1227.27;;N002110;3093;Order Complete
ttOrder;3093/M00128;3093/M00128;;;;;;;;;Sydney Tools;;2;MATS-001;96482 - KNIPEX 9901280 280mm Concrete Nipper GP No: 4003773012214;2;EA;88.1;88.1;;N002110;;
ttOrder;3093/M00128;3093/M00128;;;;;;;;;Sydney Tools;;3;MATS-001;141554 - Makita 18V X2 Skin DRS780Z Bless 36V Circular Saw 185mm (7) Rear Handle Tool Only GP No: 9346435001306;1;EA;349.09;349.09;;N002110;;
ttOrder;3093/M00128;3093/M00128;;;;;;;;;Sydney Tools;;4;MATS-001;154328 - Plumboss GLL2 Long Handle Gatic Lifter GP No: 9346435001306;1;EA;153.64;153.64;;N002110;;
ttOrder;3093/M00128;3093/M00128;;;;;;;;;Sydney Tools;;5;MATS-001;78507 - Makita ACC T-01373 Bit Set 38 PCE Impact Driver Bit Set 088381942737 GP No: 0883819465136;1;EA;36.82;36.82;;N002110;;
ttOrder;3093/M00128;3093/M00128;;;;;;;;;Sydney Tools;;6;MATS-001;110635/*200183 - Makita ACC P-19906 Drill Bit Set 19PC Performance Set 0883819465136 GP NO: 0883819465136;1;EA;35.45;35.45;;N002110;;
ttOrder;3093/M00128;3093/M00128;;;;;;;;;Sydney Tools;;7;MATS-001;145676 - GME TX6160TP UHF CB Radio 5-Watt (Twin Pk) 80 Channel IP67 30Hr - Twin Desktop + Vehicle Charge GP No: 9319493277464;1;EA;516.36;516.36;;N002110;;
ttOrder;3093/M00128;3093/M00128;;;;;;;;;Sydney Tools;;8;MATS-001;102483/*145652 - Estwing EWE24C 24OZ Claw Hammer Leather Grip 502167 GP No: 034139612810;1;EA;108.18;108.18;;N002110;;
ttOrder;3093/M00128;3093/M00128;;;;;;;;;Sydney Tools;;9;MATS-001;64677 - Makinta Acc B-15578 Saw Blade Aluminium TCT 185mm x 20 x 60T GP No: 088381363727;1;EA;55.05;55.04;;N002110;;
ttOrder;3093/M00128;3093/M00128;;;;;;;;;Sydney Tools;;10;MATS-001;Freight;1;EA;136.36;136.36;;N002110;;
ttOrder;3093/M00129;3093/M00129;3093/M00129;;Y;N;Y;11/10/2023;bstormon;TRAD10;Tradeline Site Solutions;AUD;1;MATS-001;TSS/25633;1;EA;1789.53;1789.53;;N003001;3093;Order Complete
ttOrder;3093/M00129;3093/M00129;;;;;;;;;Tradeline Site Solutions;;2;MATS-001;TSS/25762;1;EA;718.8;718.8;;N003001;;
ttOrder;3093/M00130;3093/M00130;3093/M00130;;Y;N;Y;11/10/2023;bstormon;JAS002;Jasmond Transport Pty Ltd;AUD;1;MATS-001;Tandem - 13T;100;HR;11900;0;;FBDR051;3093;
ttOrder;3093/M00130;3093/M00130;;;;;;;;;Jasmond Transport Pty Ltd;;2;MATS-001;Twin Steers - 18T;339.75;HR;44167.5;0;;FBDR051;;
ttOrder;3093/M00130;3093/M00130;;;;;;;;;Jasmond Transport Pty Ltd;;3;MATS-001;Truck & Dog - 29T;100;HR;15000;0;;FBDR051;;
ttOrder;3093/M00130;3093/M00130;;;;;;;;;Jasmond Transport Pty Ltd;;4;MATS-001;Truck & Dog - 33T;100;HR;17000;0;;FBDR051;;
ttOrder;3093/M00130;3093/M00130;;;;;;;;;Jasmond Transport Pty Ltd;;5;MATS-001;Truck & PBS Dog - 38T;100;EA;20000;0;;FBDR051;;
ttOrder;3093/M00131;3093/M00131;3093/M00131;;Y;N;Y;11/10/2023;bstormon;TRAD10;Tradeline Site Solutions;AUD;1;MATS-001;Hessian Sand Bag 33 x 14;3000;EA;4920;0;;N001903;3093;
ttOrder;3093/M00131;3093/M00131;;;;;;;;;Tradeline Site Solutions;;2;MATS-001;Sand Bag Filler;5;EA;1035;0;;N001903;;
ttOrder;3093/M00131;3093/M00131;;;;;;;;;Tradeline Site Solutions;;3;MATS-001;Delivery - Regional;1;EA;32.9;0;;N001903;;
ttOrder;3093/M00132;3093/M00132;3093/M00132;;Y;N;Y;11/10/2023;bstormon;DSWO01;DS Workwear;AUD;1;MATS-001;Shirt L/sl Coolweight C/w Tape Y/n XL;5;EA;152.5;0;;N003001;3093;
ttOrder;3093/M00132;3093/M00132;;;;;;;;;DS Workwear;;2;MATS-001;Oliver AT55 Series Wheat L/up Boot Sz 11;1;EA;145.41;0;;N003001;;
ttOrder;3093/M00132;3093/M00132;;;;;;;;;DS Workwear;;3;MATS-001;Embroidery;10;EA;41.4;0;;N003001;;
ttOrder;3093/M00132;3093/M00132;;;;;;;;;DS Workwear;;4;MATS-001;D elivery;1;EA;22.73;0;;N003001;;
ttOrder;3093/M00133;3093/M00133;3093/M00133;;Y;N;Y;11/10/2023;cmacdonald;TRAD10;Tradeline Site Solutions;AUD;1;MATS-001;Safety Flags - BLUE Bunting - 30m (ea/25box);17;EA;259.6;259.6;;N003001;3093;Order Complete
ttOrder;3093/M00133;3093/M00133;;;;;;;;;Tradeline Site Solutions;;2;MATS-001;Safety Flags - Orange Bunting - 30m;17;EA;145.47;145.47;;N003001;;
ttOrder;3093/M00133;3093/M00133;;;;;;;;;Tradeline Site Solutions;;3;MATS-001;Delivery - Regional;1;EA;32.9;32.9;;N003001;;
ttOrder;3093/M00134;3093/M00134;3093/M00134;;Y;N;Y;12/10/2023;cmacdonald;EUR006;Europcar VIC;AUD;1;MATS-001;Rental car;5000;EA;5000;0;;N002110;3093;
ttOrder;3093/M00135;3093/M00135;3093/M00135;;Y;N;Y;12/10/2023;cmacdonald;DPH001;Dennis Plant Hire;AUD;1;MATS-001;6T Combo Hire;130;HR;20150;0;;45DR050;3093;
ttOrder;3093/M00136;3093/M00136;3093/M00136;;Y;N;Y;12/10/2023;bstormon;DCC003;DC Commercial Qld;AUD;1;MATS-001;Rent for 16/10/23 to 15/10/23;1;EA;39000;39000;;N002100;3093;Order Complete
ttOrder;3093/M00136;3093/M00136;;;;;;;;;DC Commercial Qld;;2;MATS-001;3 Months bond;1;EA;9750;9750;;N002100;;
ttOrder;3093/M00137;3093/M00137;3093/M00137;;Y;N;Y;12/10/2023;ajeffery;EUR003;Europcar WA;AUD;1;MATS-001;Hire prado for Ward;1;EA;500;0;;N002110;3093;
ttOrder;3093/M00138;3093/M00138;3093/M00138;;Y;N;Y;12/10/2023;cmacdonald;OFFI10;Officeworks Superstores P/L;AUD;1;MATS-001;Tablets;6;EA;8165.46;0;;N002190;3093;
ttOrder;3093/M00139;3093/M00139;3093/M00139;;Y;N;Y;12/10/2023;bstormon;TRAD10;Tradeline Site Solutions;AUD;1;MATS-001;Star Post 1650mm Black (BL) (ea/ packs of 10);100;EA;664.02;0;;N002101;3093;
ttOrder;3093/M00139;3093/M00139;;;;;;;;;Tradeline Site Solutions;;2;MATS-001;Safety Caps / Star Post Caps (Bag of 100);2;EA;72.83;0;;N002101;;
ttOrder;3093/M00139;3093/M00139;;;;;;;;;Tradeline Site Solutions;;3;MATS-001;T-top Bollard Top and base;100;EA;1179;0;;N002101;;
ttOrder;3093/M00139;3093/M00139;;;;;;;;;Tradeline Site Solutions;;4;MATS-001;Triangular Day/Night Bunting 30m Reflective;4;EA;119.4;0;;N002101;;
ttOrder;3093/M00139;3093/M00139;;;;;;;;;Tradeline Site Solutions;;5;MATS-001;Safety Sign 600 x 450mm - DANGER Deep;20;EA;412;0;;N002101;;
ttOrder;3093/M00139;3093/M00139;;;;;;;;;Tradeline Site Solutions;;6;MATS-001;Safety Sign 600 x 450mm - SDS Located Here;2;EA;41.2;0;;N002101;;
ttOrder;3093/M00139;3093/M00139;;;;;;;;;Tradeline Site Solutions;;7;MATS-001;Sign 450 x 600mm Spill Kit;2;EA;41.2;0;;N002101;;
ttOrder;3093/M00139;3093/M00139;;;;;;;;;Tradeline Site Solutions;;8;MATS-001;1200 x 1800mm Coreflute Yellow Man Cut Out -;10;EA;542.89;0;;N002101;;
ttOrder;3093/M00139;3093/M00139;;;;;;;;;Tradeline Site Solutions;;9;MATS-001;Custom Sticker A4 Look Up & Live (suit;10;EA;28.1;0;;N002101;;
ttOrder;3093/M00139;3093/M00139;;;;;;;;;Tradeline Site Solutions;;10;MATS-001;1200 x 1800mm Coreflute Yellow Man Cut Out -;10;EA;542.89;0;;N002101;;
ttOrder;3093/M00139;3093/M00139;;;;;;;;;Tradeline Site Solutions;;11;MATS-001;Custom Sticker A4 Be Line Aware;10;EA;28.1;0;;N002101;;
ttOrder;3093/M00139;3093/M00139;;;;;;;;;Tradeline Site Solutions;;12;MATS-001;1200 x 1800mm Coreflute Yellow Man Cut Out -;10;EA;542.89;0;;N002101;;
ttOrder;3093/M00139;3093/M00139;;;;;;;;;Tradeline Site Solutions;;13;MATS-001;Insect Repellant - Tropical Strength - 150g;4;EA;41.98;0;;N002101;;
ttOrder;3093/M00139;3093/M00139;;;;;;;;;Tradeline Site Solutions;;14;MATS-001;Delivery - Regional;1;EA;32.9;0;;N002101;;
ttOrder;3093/M00140;3093/M00140;3093/M00140;;Y;N;Y;13/10/2023;bstormon;YAR001;Yarramine Environmental;AUD;1;MATS-001;Labour;40;EA;15000;0;;N001903;3093;
